person_id,distance_mi,time_Drive,cost_Drive,park_Drive,av_Drive,time_Carpool,cost_Carpool,park_Carpool,av_Carpool,time_TNC,cost_TNC,park_TNC,av_TNC,time_PublicTransit,cost_PublicTransit,park_PublicTransit,av_PublicTransit,time_Bike,cost_Bike,park_Bike,av_Bike,time_Walk,cost_Walk,park_Walk,av_Walk,time_ParkRide,cost_ParkRide,park_ParkRide,av_ParkRide,chosen_mode
1,3.42003685273346,9.505130309787535,1.0306806012922602,76.27455642965892,1,13.172070371567223,0.36804861988415055,38.13727821482946,1,14.240755246170236,9.379950700421865,0.0,1,30.392687258049026,3.0321055103727446,0.0,1,23.852301307316,0.0,0.0,1,79.19258035981305,0.0,0.0,0,28.716934948738245,3.10457668141427,46.21713739655266,1,Drive
2,3.101179000770644,10.09251376101714,0.8474185231200616,192.0446052187406,1,12.368540676655426,0.4174938531246046,96.0223026093703,1,11.094189909518446,8.573232595718043,0.0,1,25.142653184243866,2.815743255743025,0.0,1,19.703189356401012,0.0,0.0,1,56.890902670118564,0.0,0.0,0,24.225001807264118,3.014973085462397,60.323512366157885,1,PublicTransit
3,2.6049345635874834,8.79523950906552,0.7088359710281491,180.81583125725848,1,11.040970182540955,0.3058352344532146,90.40791562862924,1,10.901200016176746,7.376254494512699,0.0,1,23.204368023010417,2.4430787780585423,0.0,1,18.72991601350975,0.0,0.0,1,59.63537177900015,0.0,0.0,1,20.88233518316131,3.1721480859567417,3.3884718575892423,1,TNC
4,3.7109089849185155,12.27273651960161,1.0890517138092648,143.83953950193074,1,14.438823784879144,0.48402295759310715,71.91976975096537,1,13.786202116992921,9.09243983701975,0.0,1,32.60214353300931,3.0497135662492516,0.0,1,23.65661968646131,0.0,0.0,1,76.42358149993491,0.0,0.0,0,28.438126379250043,3.6167758468536,51.462992004697696,1,ParkRide
5,6.315605129724327,17.236250268684497,1.907535096466462,51.536169340216425,1,19.205248182532426,0.7901642269949171,25.768084670108212,1,21.318475939698494,15.461681099524801,0.0,1,36.475490498669835,2.7816107374039953,0.0,1,41.588689988786285,0.0,0.0,0,135.239115860005,0.0,0.0,0,36.54426203817434,3.165394344636418,38.407245908807774,1,Carpool
6,4.394320211137078,13.980458895794422,1.0600226632534748,189.06070399637576,1,20.021369451173044,0.4642689923620392,94.53035199818788,1,17.429613820946855,9.481726312916178,0.0,1,32.207582506274775,2.3113844482873676,0.0,1,31.677444537022435,0.0,0.0,1,76.65356260103381,0.0,0.0,0,24.88902790096444,2.9251613353049635,16.912862217424912,1,Carpool
7,3.459831958212774,10.1378575887091,1.1182905395823846,156.50859723291723,1,15.130535440602891,0.4279185462957421,78.25429861645861,1,15.251083420963736,10.024407213872257,0.0,1,27.39553385276804,2.6893217092436927,0.0,1,20.57807140639468,0.0,0.0,1,68.15159325324176,0.0,0.0,0,21.749758968429223,3.4147022829469753,33.437685528924206,1,Drive
8,1.9112966332179904,7.101595439797736,0.5170407474845518,60.474479024783456,1,9.727652331265336,0.18594581347243264,30.237239512391728,1,9.858835374720647,5.807611837381453,0.0,1,23.693895100329804,2.53918333021986,0.0,1,14.679246882322271,0.0,0.0,1,45.28598528901156,0.0,0.0,1,20.624925647803796,3.186202757706124,13.87675834738084,1,Drive
9,5.858045222199986,15.995801793567612,1.891058077621971,211.88196853450845,1,21.57927364166962,0.7672866328722072,105.94098426725422,1,17.671953348118304,13.12201698421588,0.0,1,34.72387398996975,2.6248860710660966,0.0,1,35.955335841242814,0.0,0.0,1,119.69684949073944,0.0,0.0,0,32.35610565979232,3.0892095044445886,53.87643413574726,1,TNC
10,20.529835194194124,45.26219813054001,5.0620008710266475,114.77640417033312,1,46.64154426168437,2.671471079235144,57.38820208516656,1,49.12508137023962,36.501531082190574,0.0,1,88.52668758612236,3.3213599539065894,0.0,1,132.16647084986576,0.0,0.0,0,483.63975649030095,0.0,0.0,0,81.55824117397096,5.7216981882397775,47.99323808126937,1,Drive
11,6.92980728682777,17.739942156569025,2.2795999984226603,66.4759543097657,1,23.101536834036995,0.9117520134644109,33.23797715488285,1,21.661890950163027,17.15434454060055,0.0,1,43.582436896997976,2.838689192442453,0.0,1,45.400133306830256,0.0,0.0,0,149.11340662995312,0.0,0.0,0,40.093416308059716,3.3541172374020953,69.58614747680427,1,Drive
12,5.84768427095407,15.381726372180317,1.9196786082034114,218.41229815149018,1,23.126787525240854,0.6846507495208546,109.20614907574509,1,21.019050706552164,14.026445569501067,0.0,1,33.24024483228933,2.8123573992334756,0.0,1,41.98074658704774,0.0,0.0,1,118.82338566123639,0.0,0.0,0,31.21959147320658,3.295513899315351,66.28564663880852,1,PublicTransit
13,2.826041852532818,9.430681735086097,0.7970557369964079,135.9510135991875,1,12.844659810013999,0.3740681181394341,67.97550679959375,1,12.774323240636043,9.0446854400586,0.0,1,24.83504247834452,3.1061907880263093,0.0,1,17.318960925853112,0.0,0.0,1,53.68992169918391,0.0,0.0,1,24.86069507346639,2.765456705745819,55.28132617920887,1,Drive
14,4.1599889829484855,12.775968160863222,1.5228954662333227,84.72352203352085,1,18.547846300504553,0.4877141788873546,42.361761016760425,1,17.05723821769852,8.568541154333833,0.0,1,28.221764240860022,2.519466741060693,0.0,1,29.14184913925989,0.0,0.0,1,77.41956409424434,0.0,0.0,0,31.000917934808967,3.3075962097258658,11.386987803563454,1,Drive
15,1.7466513481875394,7.062594723559083,0.6057027880633544,52.62701283982324,1,12.073757240324936,0.21640418213588763,26.31350641991162,1,12.2221209732763,4.7597381744207965,0.0,1,20.336021316391182,2.46859630000255,0.0,1,9.828180005449779,0.0,0.0,1,34.42145019317623,0.0,0.0,1,23.141491895019396,2.912196068422298,51.83415260688294,1,PublicTransit
16,4.724677891953117,13.329349861936898,1.1752223833251692,216.47012012860185,1,16.401183425938537,0.4099914705391597,108.23506006430092,1,17.561232932922895,10.305647358066407,0.0,1,38.34769936285621,2.8555104105335802,0.0,1,28.001148577892696,0.0,0.0,1,91.35336533469561,0.0,0.0,0,28.558891675635984,2.873202100682107,8.060558591335306,1,PublicTransit
17,3.9065734719056744,13.017292973216742,1.115512375400795,149.23445290446443,1,13.371076898083775,0.49604907406742,74.61722645223222,1,16.398025372004426,8.48455656205738,0.0,1,24.137320971909777,2.4154113421599157,0.0,1,27.52311929960908,0.0,0.0,1,67.3263109776986,0.0,0.0,0,28.465088725732507,2.5234306430027016,31.20889837396334,1,ParkRide
18,5.591686099279935,11.85937631140445,1.9291421477945527,211.8248105419247,1,19.717596354548313,0.6053580824166164,105.91240527096235,1,18.09808618910856,12.762803164181426,0.0,1,36.47676213389563,2.4919142604864173,0.0,1,36.14962172220822,0.0,0.0,1,110.73731957284171,0.0,0.0,0,35.44236713472841,3.2810874565923016,6.425630706814171,1,TNC
19,2.0555234625720358,7.1873129910040205,0.6485482821210821,72.20797852541482,1,8.357835797907857,0.24249867349294102,36.10398926270741,1,10.519218548617218,6.885792913706158,0.0,1,19.299108784626327,2.787860883446963,0.0,1,16.31089953700872,0.0,0.0,1,35.15822142834671,0.0,0.0,1,23.68506330839922,2.409823895750617,57.5507664269061,1,Drive
20,3.8408684216574933,12.023553797537888,1.105657742972893,130.8771779075688,1,17.38496683385658,0.4496356518745857,65.4385889537844,1,17.39159582377682,9.722952301532157,0.0,1,32.08418453669421,2.798133942570849,0.0,1,28.432670447986645,0.0,0.0,1,75.89600686798885,0.0,0.0,0,29.387073890857035,3.1432315419280243,43.317152618111265,1,Drive
21,5.512119590714328,13.753988407322609,1.4639784650614691,90.79399036711479,1,20.330511013195917,0.6503416015559127,45.396995183557394,1,18.948208827024917,12.943942610141464,0.0,1,31.08161658674858,2.205141599351589,0.0,1,34.92313620767575,0.0,0.0,1,135.21345737598855,0.0,0.0,0,29.302417937219964,2.8233010839506574,59.28584677362881,1,Carpool
22,6.106621375609523,17.517386674696418,1.897550625817097,85.60054962358352,1,17.994537693303265,0.7148279720308764,42.80027481179176,1,19.63924985021726,13.82338333850112,0.0,1,43.90747279320037,2.2650993962081047,0.0,1,36.8546020891206,0.0,0.0,0,119.35350313214592,0.0,0.0,0,32.56037752550326,3.288796601991593,1.4113354021983293,1,Carpool
23,5.739898377364533,13.031362176367592,1.8073171024177368,172.0599476379959,1,18.17855000096843,0.7296158300622075,86.02997381899795,1,19.8142168207369,17.158123556509366,0.0,1,30.719032048200873,3.003014739640937,0.0,1,33.127761229550956,0.0,0.0,1,113.14473992659873,0.0,0.0,0,32.01951576926066,3.240371300107813,57.64795028105113,1,Drive
24,5.040781855233737,13.03939121580111,1.7240224386460306,155.96023790710348,1,18.31276544091661,0.6322396897789356,77.98011895355174,1,18.42319062923537,11.483039225072991,0.0,1,35.15548151160037,2.591274949346567,0.0,1,36.86389722009405,0.0,0.0,1,101.68212696991313,0.0,0.0,0,33.775387632998566,2.8815866636276066,64.43348832637945,1,Drive
25,5.985467949438324,14.101470617092625,2.0148875379719082,144.73006565157763,1,19.98028138288245,0.6496489700065806,72.36503282578882,1,23.191982989642792,14.799631547184344,0.0,1,42.4355995225291,3.4576219846592613,0.0,1,40.11510167405845,0.0,0.0,1,99.7770342993612,0.0,0.0,0,37.17640339383769,2.670605150588025,59.67672307698451,1,Drive
26,6.282561782753339,17.899544965855604,1.8691652953755837,68.9263146544091,1,16.108395981381314,0.7458567914524483,34.46315732720455,1,22.656559891863505,15.762123761552557,0.0,1,36.26924988907212,3.352447933475468,0.0,1,37.455458576786434,0.0,0.0,0,117.22987155110938,0.0,0.0,0,32.19957416636281,3.5649753237113604,46.95232659611177,1,Drive
27,3.340864705513933,8.760059097581756,0.9277479563990524,74.09819904597055,1,13.678684268620017,0.4122052236571714,37.04909952298527,1,12.263911846047714,8.089971374508128,0.0,1,25.295750890646808,2.9503722493932543,0.0,1,18.745087178261475,0.0,0.0,1,66.31009023034817,0.0,0.0,0,27.23812995609494,2.7695215588557978,4.760282455302363,1,PublicTransit
28,3.156846459625583,9.764213301072639,0.9072823636468438,133.46321906613525,1,13.802173416634774,0.37533422361585045,66.73160953306763,1,14.413623602768865,8.253128355591974,0.0,1,27.50520108946458,2.639653506859552,0.0,1,21.139941419159953,0.0,0.0,1,63.83749519807437,0.0,0.0,0,22.410065201566695,3.3625712499051947,25.821845023274623,1,Drive
29,4.604008338013653,11.819713562386356,1.4424222250276744,162.95943640406486,1,17.365947672671137,0.6281377632997782,81.47971820203243,1,15.157273116971792,9.906618513113076,0.0,1,30.751528689221658,2.5524044644617785,0.0,1,33.935281427765,0.0,0.0,1,93.56772715793093,0.0,0.0,0,28.365692538617882,3.114868537883148,19.061130174269884,1,Carpool
30,5.005369468513468,12.364010885117848,1.5110073857889341,195.9901944802598,1,17.22888141207451,0.5732450052176903,97.9950972401299,1,18.118752736742557,10.889717266107482,0.0,1,33.43929375046181,2.766993372290555,0.0,1,35.56770156490535,0.0,0.0,1,110.23946521827664,0.0,0.0,0,23.70849544188241,3.210658278253164,28.963159840294587,1,Drive
31,5.834029533260185,14.666325904667707,1.6412162484597366,103.2299445415118,1,17.424927339878213,0.7854859517337476,51.6149722707559,1,16.866187003007074,9.778273803412455,0.0,1,32.27858410206226,3.3192258707563855,0.0,1,42.82437126943083,0.0,0.0,1,125.82519359442102,0.0,0.0,0,32.90356452786931,3.2049073950216376,42.439659989045424,1,Drive
32,3.2126932144569955,11.307438883121634,0.8192725151523176,100.58511613916039,1,12.873150020266076,0.41567571522798397,50.292558069580195,1,12.727443111220964,8.649461980579703,0.0,1,24.49354811049893,2.8910237776589,0.0,1,17.42859177174783,0.0,0.0,1,61.637423658644686,0.0,0.0,0,22.721890223266943,2.955035035907038,21.7788338866651,1,Drive
33,7.280816451499873,20.989666593009517,2.018676681453077,193.25078749351758,1,23.825108425861327,0.6841418802695961,96.62539374675879,1,24.23277047943208,14.492815390515029,0.0,1,42.1590740773866,2.7301067184218732,0.0,1,46.289827149856464,0.0,0.0,0,130.95832218490244,0.0,0.0,0,36.502205772986294,3.863197600529751,62.64557166386489,1,Drive
34,2.502925785061242,8.576952691013322,0.663608272150621,46.305669677173874,1,10.896626828703228,0.25783977484937337,23.152834838586937,1,10.93011850432048,6.780002083500847,0.0,1,21.65966743938453,2.6386834513761195,0.0,1,15.276165400100195,0.0,0.0,1,59.55639215559697,0.0,0.0,1,20.99590919341679,2.9176629772372578,24.163595870587876,1,Drive
35,4.7097929930719475,10.760470304906656,1.468871128138201,70.83592208550836,1,17.325648739280243,0.6416206784216896,35.41796104275418,1,18.119499501470763,11.32718256835807,0.0,1,30.627282284829384,2.563156314878077,0.0,1,26.84076236593205,0.0,0.0,1,99.3768007332358,0.0,0.0,0,28.62451915621015,2.773408633890157,59.31011063576647,1,Drive
36,5.790002651214815,15.75499936149587,1.8218684441190562,133.0799199003976,1,18.55378174718576,0.6551568768495983,66.5399599501988,1,18.246840323791975,12.41768067620272,0.0,1,32.89000737444156,2.667230258666579,0.0,1,29.0435906114985,0.0,0.0,1,105.55206610873911,0.0,0.0,0,38.56412464384368,3.164688179484107,13.602615663565308,1,Bike
37,3.9848740648607,12.57602650826335,1.1914208241265036,116.63154333176702,1,17.071595284099885,0.44177780384628107,58.31577166588351,1,15.154650316425798,10.486695706896016,0.0,1,27.317259614980355,2.888028108565865,0.0,1,27.166840414871018,0.0,0.0,1,91.54286108502622,0.0,0.0,0,25.797841764946448,2.862215768958731,36.48060315314429,1,ParkRide
38,2.156208621971942,8.830858164348616,0.6450532897619756,186.65877446716019,1,9.872240892569005,0.2482020144165911,93.32938723358009,1,13.159955577051296,6.689127144410644,0.0,1,20.39497645526204,2.4738667580439353,0.0,1,14.965612785167652,0.0,0.0,1,40.270602677625064,0.0,0.0,1,18.621235313927944,3.1759938238939656,56.590286929561195,1,Carpool
39,7.708900044259915,19.493044082645792,2.572325759579183,54.60188844115967,1,20.199060570272646,0.9281812448213501,27.300944220579836,1,21.159200642746544,15.374472507148063,0.0,1,41.21880786169882,2.673912201306547,0.0,1,44.825158822502786,0.0,0.0,0,161.5770800354718,0.0,0.0,0,40.861653357902185,3.294877453841999,52.72838258557973,1,Carpool
40,4.2964754012196575,12.130189615474075,1.380052955930079,156.78217904258133,1,17.076445889559764,0.5008938116632508,78.39108952129067,1,13.85996708294341,9.899641070244728,0.0,1,30.650805188363748,2.8026283916293484,0.0,1,24.027218459914653,0.0,0.0,1,70.05418610500793,0.0,0.0,0,26.65722997028085,3.2084270684975063,39.318924644789135,1,TNC
41,2.6706654732714052,9.136303524039626,0.7639684208136308,194.93064654452192,1,12.141460689688898,0.3554452934036782,97.46532327226096,1,11.624168047695731,8.198968269390479,0.0,1,19.675553408207687,2.796605658514714,0.0,1,16.891669266309133,0.0,0.0,1,44.28777030186161,0.0,0.0,1,24.46514360090237,2.9069325807928856,35.27313923366969,1,Carpool
42,8.886459481528611,24.14513178665668,2.8242374749240433,69.80235601323642,1,28.583969773319204,1.1460980780553218,34.90117800661821,1,25.151377839796538,17.281732561813428,0.0,1,45.09272299132633,2.9220964836562326,0.0,1,44.43538046275578,0.0,0.0,0,200.26132934235866,0.0,0.0,0,43.84147125088181,3.104131643508053,67.30624187207427,1,PublicTransit
43,13.569676458445507,33.4267146811531,3.4386446691386774,181.2057250189342,1,39.205800673502935,1.5213609671238002,90.6028625094671,1,41.04273549258595,29.467535079147563,0.0,1,67.00712387763018,2.9038052753291703,0.0,1,92.04295803834779,0.0,0.0,0,229.77231657029103,0.0,0.0,0,61.65950565966865,3.8268088129818394,68.09965511717574,1,Drive
44,9.571145265335092,26.229294900491077,3.41306634051501,187.02358351883663,1,26.14039234758521,1.2551701958192316,93.51179175941832,1,25.817590374429383,23.543216788634407,0.0,1,43.33322371477965,3.1144694175961734,0.0,1,53.49792449473193,0.0,0.0,0,225.76046224084536,0.0,0.0,0,44.11613490166935,3.7544684475468313,60.715684400825516,1,Carpool
45,1.4486622077594113,5.934389353901658,0.43314037777627235,138.25405007933534,1,8.874679498217855,0.16364815914140546,69.12702503966767,1,10.41008269799756,4.969240310221586,0.0,1,21.749993465366533,2.222183735678488,0.0,1,13.437054937718656,0.0,0.0,1,28.385673231435177,0.0,0.0,1,23.739908030935982,2.937199166773403,25.93934641247522,1,ParkRide
46,2.544537286156642,8.419181423199596,0.8152031206435064,113.18632375860021,1,12.56129434434927,0.3767714385509669,56.593161879300105,1,12.522972348697792,6.935616063287686,0.0,1,21.66613049093535,2.084141536922165,0.0,1,14.358975358922807,0.0,0.0,1,49.92249433782452,0.0,0.0,1,21.423498081705308,2.9774750849437526,10.022420885588335,1,Walk
47,9.169909500501678,24.421499596273524,3.147054688657435,102.25357627492733,1,22.391350572713314,1.02502876823451,51.12678813746366,1,26.579916263248407,20.993420087694048,0.0,1,38.37793320020608,2.6186592263553257,0.0,1,55.100759586198414,0.0,0.0,0,166.82693761789668,0.0,0.0,0,40.30063129451704,3.4183322224955703,5.6093338737872545,1,Carpool
48,8.322221609587082,22.32397269227268,2.4881094550554157,56.65481426953433,1,26.78168509791169,1.189695668147151,28.327407134767164,1,24.795352991673987,20.005815982329896,0.0,1,41.47547715135186,3.155962234634529,0.0,1,62.798434159306915,0.0,0.0,0,164.25789585315636,0.0,0.0,0,36.0674558436932,3.4257196421706766,8.57244635092593,1,Drive
49,7.489615294883436,16.427953005424445,2.0228603365369153,78.96837331158952,1,23.84868055237076,0.9109621204071647,39.48418665579476,1,23.8595069991992,16.924402116304886,0.0,1,42.21270170602687,2.9191164410031116,0.0,1,43.63584412145758,0.0,0.0,0,155.47580979143243,0.0,0.0,0,29.25685771186033,3.331637787464315,26.80292081315161,1,Drive
50,6.266752418770832,18.067106114183918,1.825754992784678,159.7917923290773,1,18.57944053423765,0.6989632685331645,79.89589616453866,1,20.959707973629165,14.6352787600136,0.0,1,39.20908738564364,2.3391939976745255,0.0,1,48.363975549362486,0.0,0.0,0,120.92107782740743,0.0,0.0,0,36.598661898497475,3.0751799318112627,62.30328235353378,1,Carpool
51,6.771343228009207,17.03044189313895,1.8477283039094454,151.4761444370136,1,22.675915892925847,0.7201203514581003,75.7380722185068,1,17.877341957485232,13.560539342629303,0.0,1,46.96578989563184,3.042222552100872,0.0,1,43.498453607244755,0.0,0.0,0,139.69905086067115,0.0,0.0,0,35.86199569156302,3.283895127744064,21.55590388860213,1,Drive
52,2.439478881348627,6.870452023104106,0.709478634426118,158.49600540919647,1,12.405734623071012,0.3200126046698689,79.24800270459824,1,13.055074100416208,7.152851359722283,0.0,1,19.86253662824093,2.532764707310707,0.0,1,16.663111584096853,0.0,0.0,1,50.966465030684155,0.0,0.0,1,24.563773115774023,2.7213752780615805,69.47768173659205,1,Drive
53,2.284241263754076,7.906478293211666,0.7143456094236196,66.41821460304594,1,11.66654532279794,0.2657494289277017,33.20910730152297,1,12.821069450070828,6.100636275962724,0.0,1,19.176870889618243,2.20995262360537,0.0,1,14.061157404657738,0.0,0.0,1,44.166601507620555,0.0,0.0,1,18.033947778494102,2.7330436728679115,27.131536724774076,1,Drive
54,6.125183750404172,15.23567799771602,1.6966238822524524,192.08233498761703,1,21.97950679951649,0.6680524339864163,96.04116749380852,1,23.06581229208133,12.240274436371015,0.0,1,36.11496891526261,3.025372422937007,0.0,1,31.149517194704824,0.0,0.0,0,116.29122620163173,0.0,0.0,0,31.24777907421731,3.1584445848276888,34.45863818645503,1,Drive
55,5.175071492147345,15.217994020628876,1.4506962328340975,40.97475842749533,1,18.30287037382963,0.52733963091538,20.487379213747666,1,19.869965474806822,10.104884145339437,0.0,1,32.85375360088125,2.8441213185872622,0.0,1,33.593648462849494,0.0,0.0,1,101.67934531580732,0.0,0.0,0,28.915345515636893,3.349508573310594,40.00856051120182,1,Drive
56,8.51291713848489,21.6687481779,2.54808729416285,76.9281540403644,1,24.992741845675663,1.1373228655089052,38.4640770201822,1,27.323344773925054,18.5160585338117,0.0,1,43.861412327742045,2.3997988506359307,0.0,1,51.683925714293835,0.0,0.0,0,176.59641347771407,0.0,0.0,0,43.145738418791716,3.40550631135923,17.335330316525265,1,Drive
57,3.251815576972835,9.730496295431278,1.0150470186288016,142.87724967191951,1,13.519451291670046,0.43099901297553145,71.43862483595976,1,14.461812889606163,8.6886679849306,0.0,1,24.26606498022944,2.770944218753368,0.0,1,24.186243851424916,0.0,0.0,1,58.45479793851464,0.0,0.0,0,22.241730500740115,2.6297924803572545,14.326343051147177,1,ParkRide
58,1.379133331001875,7.28890151825441,0.37584181659201876,120.90222698884385,1,9.113313327581047,0.14871127700298142,60.451113494421925,1,11.718284966661598,4.419285718124179,0.0,1,18.550536884132992,2.3519588549800305,0.0,1,9.93407671604349,0.0,0.0,1,28.689029772966002,0.0,0.0,1,21.259840754500512,2.7451014309758253,67.57356634201017,1,Bike
59,4.132755557894949,10.606459544124194,1.2522522418307287,129.49969731269596,1,14.272615886086948,0.3990202590896817,64.74984865634798,1,16.299428497850595,8.762971065118451,0.0,1,33.042832998705904,2.5776324542462965,0.0,1,24.333103744433195,0.0,0.0,1,98.68147222133905,0.0,0.0,0,28.102855597422558,2.9541372804177293,27.618942497362784,1,Drive
60,1.9480529303020722,7.595705383943519,0.4753637752316093,159.53383039858102,1,9.70994461352133,0.28331121575402946,79.76691519929051,1,11.77816931862128,6.233669832690426,0.0,1,19.38458967562043,2.5048395796895275,0.0,1,13.016203827036911,0.0,0.0,1,45.10360484339484,0.0,0.0,1,17.594070002723885,2.9326907870389514,11.511980107637267,1,Drive
61,5.1922921086545815,12.403268343250392,1.5847780829578273,64.30749319650718,1,19.171607602328432,0.5736969882788446,32.15374659825359,1,15.44910624436115,12.151353218391543,0.0,1,34.36436746376886,3.0921347906368504,0.0,1,38.50567434111065,0.0,0.0,1,130.91787004572862,0.0,0.0,0,26.324800806638716,2.9049231394933726,9.689251998242321,1,Drive
62,2.06140810555123,8.915793602285559,0.6411288499354018,106.30969266341586,1,11.744884625716454,0.26899892544543735,53.15484633170793,1,11.628323453872667,6.151066264590523,0.0,1,19.97497618104445,2.518106357128298,0.0,1,16.05706660216269,0.0,0.0,1,42.395228528585484,0.0,0.0,1,23.60802835423019,3.105433742335797,52.62604894455688,1,ParkRide
63,4.6175628456266775,12.74576266763909,1.1577215762684867,105.95201321996721,1,15.762821316659549,0.5610344200555465,52.97600660998361,1,18.73051851869,12.121068963725314,0.0,1,28.854160396412972,2.7878156800722738,0.0,1,32.301556962816605,0.0,0.0,1,91.9009714641857,0.0,0.0,0,28.57271948657147,2.6594711346978945,26.899573823625268,1,PublicTransit
64,3.078129593431836,11.030873262089607,0.9822020045998066,97.97968307728874,1,12.979806161863264,0.3826229933073875,48.98984153864437,1,12.005559953528664,8.768286395061814,0.0,1,21.332321218557322,2.7551352605234722,0.0,1,17.496998936556768,0.0,0.0,1,51.803828116947024,0.0,0.0,0,19.540461994493512,3.248475864822295,9.932062128042912,1,PublicTransit
65,5.852675649664755,15.132739005599511,1.938650230884689,71.00373944533398,1,20.049168413818023,0.7027208980162533,35.50186972266699,1,21.806591971752955,12.574211216725361,0.0,1,33.847593860918856,2.277975269642629,0.0,1,29.83383401992639,0.0,0.0,1,117.28573468278282,0.0,0.0,0,32.855397948550085,3.1878463502487007,40.87161806885404,1,PublicTransit
66,3.215215637656082,8.152396618658075,0.9341449973770393,121.04879348838372,1,13.703730080510404,0.46341833018937983,60.52439674419186,1,15.372367755120973,8.34203714452823,0.0,1,26.866659103756252,2.792823340914283,0.0,1,22.37035960219301,0.0,0.0,1,68.9043134526436,0.0,0.0,0,20.584049967222253,2.8504345632440766,14.326098344958387,1,Drive
67,11.117260925457083,24.632295381438325,3.302512733656451,148.81530005228768,1,27.194459350067905,1.4039767801598784,74.40765002614384,1,29.613887430576604,25.629299785469822,0.0,1,53.79540518052546,3.5277428869740506,0.0,1,66.50008329598558,0.0,0.0,0,239.60729604312596,0.0,0.0,0,43.63882834592626,3.5199205562470977,65.9185154560983,1,Carpool
68,6.2436845149366444,16.39245566742603,1.823770703758759,93.38785976158377,1,19.746484674071432,0.6735953092456193,46.693929880791885,1,20.583362934527592,15.416441025627439,0.0,1,39.52419368225869,3.1046345427211413,0.0,1,39.32211444470321,0.0,0.0,0,120.92285459524741,0.0,0.0,0,33.47567398930828,3.1621754849676,52.262584792890266,1,Drive
69,4.00162120263165,11.117622176685211,1.133992049612832,171.36178433796968,1,14.153372469940262,0.5464381185028095,85.68089216898484,1,16.18756674716038,11.127993787621044,0.0,1,29.496607221597735,2.8301337435467753,0.0,1,25.305390135450207,0.0,0.0,1,82.69028522568806,0.0,0.0,0,31.474897625900695,2.848872463575064,7.67948472692228,1,Drive
70,2.9382046064963276,9.568608058099622,1.1060984538469678,167.82077566207477,1,12.303916466790119,0.3274379451368919,83.91038783103738,1,15.31135075300381,8.26623958751783,0.0,1,24.200245433807314,2.733904904264564,0.0,1,21.323052672923556,0.0,0.0,1,65.42191655893325,0.0,0.0,1,23.502194897084525,2.934668399560172,31.868219135025395,1,PublicTransit
71,9.406066372795996,23.819679862470345,2.9948266298020583,91.51857260172497,1,27.61280846013182,1.1080460846072555,45.759286300862485,1,29.84728434558584,15.887846116169628,0.0,1,46.943656835852714,2.509578048261034,0.0,1,53.57485293036594,0.0,0.0,0,208.86335633725494,0.0,0.0,0,40.05575844328818,5.534590507968981,31.140232550235883,1,Carpool
72,2.3538818625453026,8.071672244009068,0.7862788620033048,193.20791516742946,1,10.324442268332263,0.2874946436241485,96.60395758371473,1,12.004801666374458,7.266398438303581,0.0,1,19.31724148698125,2.4858473898730864,0.0,1,18.317888588310744,0.0,0.0,1,55.918779961674005,0.0,0.0,1,22.9590085643265,2.8697897107429835,50.68209270089116,1,Bike
73,2.513477828730665,8.849714194345696,0.6554378965262897,99.01059463708086,1,12.557044941925554,0.34017725942499594,49.50529731854043,1,13.734066229658945,7.791119216828211,0.0,1,20.77374500377331,2.362253407992901,0.0,1,16.045216485937186,0.0,0.0,1,46.72031109747612,0.0,0.0,1,21.64808822160191,2.5455130264072556,52.46261247826643,1,Drive
74,2.3566740707891003,8.195082537279474,0.6362987292386983,194.1587764302306,1,10.869477420055166,0.29531531735214633,97.0793882151153,1,11.31237694124681,6.434899805897422,0.0,1,21.191357851457195,2.3594802879032177,0.0,1,15.035303592531928,0.0,0.0,1,44.051085511451,0.0,0.0,1,20.489339014872765,3.055835908689009,31.4174123825121,1,Drive
75,6.311825661544652,15.81520446159031,1.9194120137796686,136.84097364430056,1,23.612634589476006,0.7714028571266462,68.42048682215028,1,16.942236367736818,13.448856155870766,0.0,1,34.316259663784294,2.78646615419269,0.0,1,40.31874693210028,0.0,0.0,0,110.45508485816289,0.0,0.0,0,35.76398207736086,3.044744583190447,59.14757678601748,1,Drive
76,8.422890145227974,21.774570059821144,2.297463629764455,171.3824791156776,1,27.784259367003326,1.114950108614195,85.6912395578388,1,24.590362190719798,20.823444247683593,0.0,1,45.48337353985615,2.6359862474729683,0.0,1,54.79258427682077,0.0,0.0,0,203.96461990485275,0.0,0.0,0,44.98072757936495,4.215381820685439,12.752793294693046,1,Drive
77,2.8801562608606965,9.8735312997939,0.7896441182235173,175.03531687800688,1,12.800120597097347,0.336263980883921,87.51765843900344,1,13.928284222549216,6.080102242939359,0.0,1,19.2700586756726,2.6813600445211603,0.0,1,17.01921772040004,0.0,0.0,1,51.84258695617351,0.0,0.0,1,24.044181141423216,2.960126301581789,15.209540747799274,1,PublicTransit
78,6.479178928676006,15.442526342565332,1.8559241955378136,130.95581499737517,1,18.62172378535104,0.8826117728927265,65.47790749868759,1,18.740718419119684,16.246078775309183,0.0,1,36.45247779888443,2.5141201889028144,0.0,1,44.302278065087656,0.0,0.0,0,129.5329780040574,0.0,0.0,0,28.835129025435695,3.374526950405711,8.048346442359524,1,PublicTransit
79,4.708049610575882,13.74829950383762,1.3726727465654147,136.03430145621041,1,17.793580369053004,0.5460817412383752,68.01715072810521,1,16.946541945320735,12.184500548251476,0.0,1,31.229823996854314,2.7774336592983597,0.0,1,34.5679139138397,0.0,0.0,1,92.81462917638329,0.0,0.0,0,32.34165571289595,2.7252956048674775,1.5171473841052996,1,Drive
80,4.442785135698841,13.07150510931074,1.2497178507748425,63.95969293829843,1,15.371476251964884,0.5849200212320492,31.979846469149216,1,17.552748107552144,11.24465524506051,0.0,1,30.46227880214242,2.5839077035573776,0.0,1,29.936566784995208,0.0,0.0,1,105.7933843793203,0.0,0.0,0,27.85660607376095,3.4200362612231254,35.327707374718,1,Drive
81,5.861920450231501,13.562469235485962,2.097306332111371,137.9083792227832,1,20.967337691246335,0.6796647895794042,68.9541896113916,1,21.292050693611856,15.493547301590702,0.0,1,46.51895917784363,2.5834024196281367,0.0,1,30.68278098091817,0.0,0.0,1,118.48798083391408,0.0,0.0,0,33.81714997266587,3.056948176692298,4.989704564344598,1,Drive
82,9.403217814782426,24.308870611950333,2.9775545193845603,115.96797495668298,1,26.953083560928434,1.0523077495301367,57.98398747834149,1,30.175996952279938,21.90973000555961,0.0,1,54.74018369109093,2.8139696904807723,0.0,1,57.491580468973055,0.0,0.0,0,222.6599539086557,0.0,0.0,0,36.958790293305974,3.6084937977459832,27.473376967850587,1,Drive
83,6.1552347880984914,17.659293717285102,1.800541291133917,130.09815869366466,1,24.067304878257683,0.8463672519127516,65.04907934683233,1,24.946414620903237,13.362178757676908,0.0,1,31.191759849281752,3.089270995787211,0.0,1,37.29775852165765,0.0,0.0,0,128.24434357211587,0.0,0.0,0,33.92739046798742,3.737967871960054,27.29032055325217,1,Drive
84,3.038816843007674,8.229576848366758,0.8029233930664756,83.0513255391442,1,12.98036753218755,0.3580473341528898,41.5256627695721,1,11.761900190073069,7.305725812739337,0.0,1,23.83089324555007,2.6124841193530854,0.0,1,19.575123252614976,0.0,0.0,1,57.069573774896284,0.0,0.0,0,26.38815113438947,2.5164816166648185,0.9650282058956783,1,Drive
85,3.0910603617188537,8.53541114318327,0.9564686019301176,178.6169694329933,1,12.421991665733952,0.37509495295239753,89.30848471649665,1,14.783773249282842,7.253757728138513,0.0,1,27.659748534285544,2.520954067183183,0.0,1,20.298149483740037,0.0,0.0,1,66.02347949938567,0.0,0.0,0,23.741949197953787,2.7219844614797815,48.90007555653883,1,Drive
86,5.646052947088336,16.504908600523223,1.7178549602506072,184.10424995164604,1,20.00159664002828,0.759433029788057,92.05212497582302,1,19.115736039441302,12.802387862717103,0.0,1,37.3034551683663,2.793370764512533,0.0,1,34.459003022436896,0.0,0.0,1,111.2131851307637,0.0,0.0,0,34.91455009967194,3.576100560893697,52.30924661498065,1,TNC
87,8.303883602824207,22.43042801457808,2.6760324839205314,41.345763691326134,1,24.992489101788603,1.0439488611562937,20.672881845663067,1,23.21972432028929,18.578150556441553,0.0,1,49.379054288060836,3.1195746444630523,0.0,1,50.29906165182308,0.0,0.0,0,208.47676581446393,0.0,0.0,0,41.15489320037684,3.348215480682055,48.2634544404649,1,Carpool
88,6.462601019170741,14.542901432699873,2.2290905096497706,153.59019483756958,1,24.334219525830957,0.8400318150478225,76.79509741878479,1,20.954446029087574,16.62991006706078,0.0,1,35.126255454925165,2.8108621606922877,0.0,1,38.57127321856905,0.0,0.0,0,124.33289923186193,0.0,0.0,0,28.631863447172645,3.247069563596864,64.41102280060245,1,Drive
89,8.637472608400099,20.594137212827746,3.316253852098633,121.5839777954465,1,24.103049376840612,1.0760208795910566,60.79198889772325,1,23.517256816004533,18.018076029875136,0.0,1,41.57402450566453,2.776637028979343,0.0,1,47.03941655035008,0.0,0.0,0,154.50832015635532,0.0,0.0,0,46.506124998186344,4.102294064821548,43.58725519397551,1,ParkRide
90,4.730361905739243,13.348420433642003,1.4545069157149202,114.99125501394175,1,19.582019205033358,0.5357795916268132,57.49562750697088,1,18.613900349230953,9.74482055199153,0.0,1,29.67692874339226,2.797811739688153,0.0,1,27.80899908281274,0.0,0.0,1,89.00660209040691,0.0,0.0,0,29.634963313389562,3.3907060930836344,51.908860996592054,1,PublicTransit
91,1.9834365583628923,8.749183823095967,0.6485963394628274,147.99072201668878,1,10.744577019365256,0.20629412052017235,73.99536100834439,1,13.469499875226163,5.503339572841669,0.0,1,27.136742210781478,2.5782106978327595,0.0,1,14.396533921108562,0.0,0.0,1,38.29747035259204,0.0,0.0,1,22.617820055894814,2.427502869256319,28.06636873711905,1,PublicTransit
92,4.905732181779084,14.401264331419451,1.4698332565163015,198.47108430857742,1,15.063902241682507,0.6540571959982169,99.23554215428871,1,18.207401523516154,11.754765099816192,0.0,1,34.275528664899944,2.5147168552818524,0.0,1,29.420938566919308,0.0,0.0,1,87.474497189191,0.0,0.0,0,29.619105293739665,3.0798256378748814,62.767035667953806,1,PublicTransit
93,7.126474650571943,21.158784245300154,2.0055931608478885,162.22276331088096,1,22.197790775326652,0.9365084421656487,81.11138165544048,1,19.027718075758273,14.906294929443938,0.0,1,37.039322282904116,2.6637404994589895,0.0,1,41.99911231848344,0.0,0.0,0,138.5291598506314,0.0,0.0,0,34.48935142048816,3.7881945732576012,14.570087422488974,1,PublicTransit
94,4.195479088373366,12.275180050660033,1.2775649710781647,169.69417522392808,1,18.501928711320048,0.4824787129996427,84.84708761196404,1,18.01728802531024,11.02889683527309,0.0,1,29.828813852635946,2.638585896214546,0.0,1,28.688569262183282,0.0,0.0,1,87.77863026955238,0.0,0.0,0,24.58750069487102,3.613491644583089,53.02197681816965,1,Drive
95,3.6845755839957097,10.09090864843578,0.9870341119734062,41.077267532523116,1,17.88672984901185,0.5239459684636808,20.538633766261558,1,17.89187107156644,8.923150241172673,0.0,1,32.21391498377993,2.713349746939483,0.0,1,22.284162958710112,0.0,0.0,1,66.39682474372144,0.0,0.0,0,26.53598232017952,2.9840112471156504,57.49554263452959,1,Drive
96,7.348339054321607,16.77016497738215,2.271480873132799,173.4882721926247,1,21.92963321702309,0.7874938357860581,86.74413609631235,1,22.17142887742548,16.084902452288357,0.0,1,42.130171133354914,3.1402803675183497,0.0,1,50.76373539524358,0.0,0.0,0,159.92066498455688,0.0,0.0,0,33.88746622154478,3.255385430728389,37.35338455037034,1,Carpool
97,1.4433936771424627,5.081869839060113,0.42378193199096614,70.77683865438274,1,9.838474507134066,0.17303920910564408,35.38841932719137,1,10.763038629311637,4.725426540215626,0.0,1,19.09997079154069,2.406238403775914,0.0,1,9.634492260043407,0.0,0.0,1,24.861778286769123,0.0,0.0,1,20.193207512795322,2.4687406268702583,69.191659648962,1,Drive
98,7.988093043894219,20.90315243594136,2.1947602787705756,209.47797669413296,1,26.286649989930513,0.8644651412236939,104.73898834706648,1,22.458878916327127,16.788735783233218,0.0,1,53.56022780265303,3.0940885152451854,0.0,1,48.63527077034989,0.0,0.0,0,184.3307836286554,0.0,0.0,0,47.47871502947344,3.3586943940910547,45.03501243528876,1,Carpool
99,12.284816949946233,31.878165578351435,3.65410120658065,117.14292442664005,1,36.819425769445004,1.3767656573410647,58.571462213320025,1,30.758392248709868,25.650750084982654,0.0,1,54.71804622939163,3.1529801748565607,0.0,1,81.55469100715997,0.0,0.0,0,276.38458990598537,0.0,0.0,0,57.48779573659008,3.7745069506476705,27.862165003028995,1,Drive
100,10.700285517374878,27.59249852648654,3.315649063239864,190.92707385417475,1,29.61706882779465,0.946498326452228,95.46353692708738,1,28.67040792282157,21.988958392967284,0.0,1,62.12769027061935,3.167025931903791,0.0,1,64.27680671083125,0.0,0.0,0,214.91491630025715,0.0,0.0,0,43.016583488690195,4.099495443240429,9.855547146892773,1,Drive
101,7.525439037871635,17.42139922167886,2.171584291619988,95.44345400955669,1,25.739377807757904,0.9168045467207331,47.721727004778344,1,22.513405871119257,16.302409358550342,0.0,1,38.09396878578459,2.9442688707515816,0.0,1,39.68240386744408,0.0,0.0,0,143.15047792923136,0.0,0.0,0,39.21669896867286,3.1343490209335396,64.428579830037,1,Carpool
102,7.052300936517817,17.87198521527552,2.188883443545446,219.25206196634358,1,23.98593965004553,0.799129441322274,109.62603098317179,1,23.183291431355666,18.686621940640812,0.0,1,36.74061058335362,3.271136817767243,0.0,1,39.45538816039487,0.0,0.0,0,109.4520064420658,0.0,0.0,0,43.67299674027529,3.44060809151898,61.53761265911425,1,PublicTransit
103,10.283467677363818,25.680404930199767,3.2835887952511427,150.5468191239006,1,31.5295627183441,1.3700570212054852,75.2734095619503,1,28.725849751938284,22.871891381118488,0.0,1,65.33296236887206,3.1797508515584827,0.0,1,53.44556727980176,0.0,0.0,0,217.6460500389707,0.0,0.0,0,47.25856355093915,3.7895416236131125,69.78776174495253,1,Drive
104,5.841221979227441,13.143709720848072,1.7534282607837608,103.25337827392391,1,16.211286618539837,0.7037845336995381,51.62668913696196,1,22.42054368532109,13.118517901134306,0.0,1,34.14127467007501,2.5056671229756935,0.0,1,37.702629481825504,0.0,0.0,1,92.00437913973502,0.0,0.0,0,36.61632824770719,3.0776275274521345,44.1184970234606,1,PublicTransit
105,7.332838112367634,16.701665859609005,1.9975710667316917,45.33833877882265,1,25.44536625763909,0.922201084807568,22.669169389411326,1,18.257664994577837,17.182992650682195,0.0,1,39.15315645884596,2.9804787674353928,0.0,1,48.27190168752366,0.0,0.0,0,137.78493892619238,0.0,0.0,0,37.54628896502577,3.1322159308305824,49.167902162416475,1,Drive
106,25.494743503092966,72.27440196506885,9.295697606097663,42.43961943095096,1,64.53058663334122,3.385266454572206,21.21980971547548,1,58.22535881281517,51.36362465679017,0.0,1,109.02364757226519,3.382973407334564,0.0,1,163.76217854030673,0.0,0.0,0,474.358905547155,0.0,0.0,0,88.20114690028237,5.439448832435102,13.163428938369906,1,Carpool
107,3.454729143206251,10.155792619460394,0.9618805805433712,48.9317978575776,1,12.296053459042485,0.48368469302732925,24.4658989287888,1,12.928441065451906,10.136182434657922,0.0,1,26.702853350421226,2.825402902640419,0.0,1,20.628210115627216,0.0,0.0,1,63.45986258118972,0.0,0.0,0,25.88048740317129,2.6313732211156378,15.204385439606273,1,Carpool
108,5.752950675547714,14.297935882570835,1.737000460288427,144.90329209476462,1,21.73790725428637,0.5684096975932671,72.45164604738231,1,17.13005353306529,12.723717685088518,0.0,1,31.854525678898835,2.900173243861493,0.0,1,36.56050057186876,0.0,0.0,1,126.1892673147116,0.0,0.0,0,29.29725318663565,3.0489578310477357,22.044177525535854,1,TNC
109,3.5056237813312285,10.272227915848692,1.3271468736939274,124.89796064291866,1,12.78557675078183,0.4087101863948375,62.44898032145933,1,15.642090463554583,8.295914627922683,0.0,1,24.553527998611468,2.606940121580925,0.0,1,24.142635482418818,0.0,0.0,1,74.0024909270513,0.0,0.0,0,28.49276594706974,3.0746702138555193,61.3446814871063,1,Bike
110,5.849246038316158,16.573438342371013,1.947298628703565,184.02793504122496,1,20.335684619052383,0.7167932326962378,92.01396752061248,1,19.10061280397346,13.069286876305474,0.0,1,37.146799768855374,2.6170039649782058,0.0,1,32.65389791958825,0.0,0.0,1,100.53472011563476,0.0,0.0,0,33.8151550649525,3.378978802952291,29.064445693588496,1,Drive
111,3.5542024761821973,9.839837198876117,1.047867807441041,85.12016013427427,1,17.311209864043864,0.42848485573376893,42.560080067137136,1,13.258498526429237,7.68783539774988,0.0,1,36.81872720873204,2.8391261110728268,0.0,1,24.164502629856816,0.0,0.0,1,71.707070336698,0.0,0.0,0,25.8202641540184,2.8169481975757824,43.06534531321135,1,Drive
112,7.1516513695311925,19.699296041554202,2.198820503168884,145.88781602575807,1,20.55915068077144,0.8550181742112004,72.94390801287904,1,22.299725851026615,14.789814450066194,0.0,1,40.346081986123735,2.8486372166176417,0.0,1,39.36146656819583,0.0,0.0,0,131.15261081741568,0.0,0.0,0,37.07687855781479,2.8329593397432093,10.42175060226067,1,Carpool
113,4.941607905060795,15.515941549674443,1.520879945203898,97.99738725382312,1,20.420897724495656,0.6185476213049911,48.99869362691156,1,17.764816805886912,11.567252396356926,0.0,1,37.31927083996902,2.377154367961873,0.0,1,27.171391535671567,0.0,0.0,1,100.64177638307031,0.0,0.0,0,29.792809398139617,3.1855076982324304,2.587412910701331,1,Drive
114,2.5213203114334712,8.89753810512328,0.7209657476295719,75.7057204304977,1,12.149078066225835,0.2698528228668383,37.85286021524885,1,13.119497250852298,8.003144825326778,0.0,1,19.639477170225394,2.8771800997490535,0.0,1,14.80892868107311,0.0,0.0,1,50.12934024773845,0.0,0.0,1,22.46255782602654,2.9170534395701466,48.54913473463406,1,Carpool
115,8.648424200710325,21.05547294949269,2.6045088447379534,46.24393177005225,1,23.76558140769235,0.97299993470439,23.121965885026125,1,26.584243348715248,15.414266143926591,0.0,1,46.42490954820357,2.854174178540957,0.0,1,55.82927244393518,0.0,0.0,0,187.56622259072523,0.0,0.0,0,43.203044864440045,3.225715018305205,44.20662386782081,1,Drive
116,4.5327422893246085,11.395715915617702,1.4206244991453325,191.37413678653053,1,15.842369911393986,0.5122891585118031,95.68706839326526,1,15.708534249975898,10.534724724134504,0.0,1,28.26401610329946,2.7547465647813887,0.0,1,26.19516581492767,0.0,0.0,1,89.10655801782512,0.0,0.0,0,30.587935545499516,3.354513427537472,14.9090438920021,1,Drive
117,5.485915671302723,17.159733503748438,1.6743521366979195,150.48639538641885,1,18.94146818616199,0.7754509522923606,75.24319769320942,1,20.318781032051483,12.580570903334918,0.0,1,33.566629659171824,3.076319436953507,0.0,1,35.799399971500655,0.0,0.0,1,121.91756228007647,0.0,0.0,0,26.29746903824915,3.1743959419738697,17.114989374074494,1,Drive
118,11.00603958516515,27.234567768168166,2.7764588745397307,57.561460728909324,1,33.936160624208036,1.2817494593665633,28.780730364454662,1,29.632456241972395,20.744340738386544,0.0,1,49.644734055662354,3.065393477368518,0.0,1,72.12158399013266,0.0,0.0,0,241.3905510405555,0.0,0.0,0,50.998907888150775,3.4854318098601804,35.49639839835554,1,PublicTransit
119,1.2194036131815589,6.218163996165594,0.32192118919063156,71.6415138755344,1,11.246660614688889,0.16464071007725609,35.8207569377672,1,8.104839186298014,5.288682522349082,0.0,1,16.799490498452542,2.6885094413163935,0.0,1,10.25641400795187,0.0,0.0,1,19.55086599871348,0.0,0.0,1,17.681258774485485,2.6012405147844055,26.471654183734106,1,Bike
120,8.289269104632721,20.643135493011542,2.4506985267162325,156.28447682517444,1,23.130531715957712,0.8741447703568791,78.14223841258722,1,22.086373610274393,19.275721444598382,0.0,1,42.61508347697666,3.1475932673047233,0.0,1,47.9603711350249,0.0,0.0,0,152.7482503894875,0.0,0.0,0,46.57292300279357,2.9506700091176135,64.60227927554072,1,Carpool
121,7.314031037031382,20.00196433757064,2.0933110092066114,197.42228840674468,1,24.14838206953371,0.8314604438969286,98.71114420337234,1,20.677642903071277,17.5377731479396,0.0,1,44.1217453694151,2.3946954424274303,0.0,1,49.69901474035351,0.0,0.0,0,145.43487558712278,0.0,0.0,0,36.345096662377614,3.594099498133726,4.2528034047203,1,PublicTransit
122,2.9247092188521306,10.37290083819717,0.7527082843656446,100.76303946412617,1,15.23697564148637,0.3039803114551981,50.38151973206308,1,14.278281581440401,8.443586353693709,0.0,1,23.676104176366106,2.83270085913158,0.0,1,15.49008991447716,0.0,0.0,1,61.74546471588039,0.0,0.0,1,22.24989045892009,2.7843745022936366,32.48508974836997,1,Carpool
123,5.935918288855241,16.168280591715483,1.5657245318933224,219.4972391151127,1,19.35550632566724,0.5881085437678824,109.74861955755635,1,18.088664172759923,11.60535867567171,0.0,1,30.76666336154839,2.3116409114448704,0.0,1,39.690905643957066,0.0,0.0,1,152.47424293612778,0.0,0.0,0,34.77656036675835,3.7526466642576466,11.737050057390746,1,Carpool
124,10.473470200595333,31.25560713387602,3.395251567715325,123.5460358164432,1,34.828230742087115,1.2988303538873769,61.7730179082216,1,27.245637623804562,20.25198826358699,0.0,1,63.76628534582551,2.866848276541419,0.0,1,77.37763839868762,0.0,0.0,0,231.24993134092122,0.0,0.0,0,46.64601396292008,3.5930791576378134,10.12733574718043,1,Drive
125,10.974125695547224,29.067520448464165,3.1145455697336875,157.06892263377358,1,36.04591314687565,1.289786104763766,78.53446131688679,1,32.69547448094849,21.635885239821935,0.0,1,61.93633754001399,2.6447839919110963,0.0,1,73.22716420888912,0.0,0.0,0,228.12698147674456,0.0,0.0,0,45.7270396108557,3.5803351650693385,14.196060002219355,1,Drive
126,3.7187327581745175,11.449654491161803,1.0216508331269667,188.85398664608914,1,13.673647500245147,0.45413312692352414,94.42699332304457,1,12.574078330084005,10.836752453910092,0.0,1,26.150367111788157,2.169033190075696,0.0,1,23.406082308220665,0.0,0.0,1,77.88815789827757,0.0,0.0,0,26.063028974341766,2.748567794773,53.98974131136141,1,Drive
127,2.9010531526271426,7.906448548050268,0.8164643695273065,153.6366731377459,1,13.375415808496834,0.3474369986485485,76.81833656887295,1,12.679914266172368,6.700315088799277,0.0,1,22.36582713866616,2.516240708391781,0.0,1,19.821171885892845,0.0,0.0,1,54.48867641896412,0.0,0.0,1,20.798287954465174,2.625963991981922,35.84227590003918,1,Bike
128,4.823898647046544,13.345467975866361,1.5857012087907876,140.4985297848411,1,19.292291055721076,0.6572158491862184,70.24926489242056,1,15.998765455556663,10.3307694511113,0.0,1,32.40058912338801,2.525861871899055,0.0,1,31.197212885853066,0.0,0.0,1,105.62327559615615,0.0,0.0,0,31.094419014699753,3.156561843721683,68.35403650386706,1,Drive
129,2.5410636649672718,10.104736515291432,0.6750948716883408,219.9225257810288,1,14.173539857000227,0.3827840963781328,109.9612628905144,1,12.256024208177315,6.74476856078487,0.0,1,22.092452288918015,2.8119632709965185,0.0,1,14.323998259692205,0.0,0.0,1,44.95612813568482,0.0,0.0,1,21.80614928797705,3.308992623948073,31.987712843914167,1,Carpool
130,1.706858182110058,6.904454042039572,0.48749669481517016,132.66754550678553,1,10.04241619951901,0.24546882360674066,66.33377275339276,1,10.379895053882052,5.147927870350631,0.0,1,21.90490330297909,2.5049333801618556,0.0,1,15.097076093846992,0.0,0.0,1,35.55765620977906,0.0,0.0,1,20.16394985771043,2.466715173663932,36.60122454109103,1,Walk
131,11.705213630276736,28.8320596967331,3.183681416306014,65.85404458122089,1,30.07778058977895,1.2586447268463143,32.927022290610445,1,30.829223993755544,21.007558303237378,0.0,1,57.38080053055052,3.417472873206489,0.0,1,77.59030550615552,0.0,0.0,0,208.92595784538938,0.0,0.0,0,61.9572673295191,3.513409246484824,43.752754583375335,1,Drive
132,3.6881112201428934,12.917285733452156,0.9120178551011643,200.55174034891468,1,11.695660118475386,0.44051799399433467,100.27587017445734,1,15.630662024156596,8.107334535949487,0.0,1,26.191410861828196,2.8632048247582405,0.0,1,23.419521891995757,0.0,0.0,1,78.80242014127246,0.0,0.0,0,28.036685120869922,2.776809619283875,12.89057426618222,1,Carpool
133,9.392095971515912,23.07887413056622,2.6511326416566714,115.80621316963882,1,29.457271413177182,1.3509951075621998,57.90310658481941,1,28.405541910323606,20.38124875567795,0.0,1,52.62605137532087,2.6668015238628806,0.0,1,64.54417182378167,0.0,0.0,0,206.10973422550254,0.0,0.0,0,40.513966191933704,3.3478277956941214,15.583970955067286,1,Drive
134,12.657889686628984,33.45236887670142,3.7246675554927577,146.65744836049197,1,33.55336939204266,1.5962200051619189,73.32872418024598,1,33.549822775542964,23.510771101535184,0.0,1,51.542616461265894,2.9137870297301935,0.0,1,81.58878661026715,0.0,0.0,0,225.8689001760345,0.0,0.0,0,50.29260158657667,3.8292844610585814,43.13140864480501,1,PublicTransit
135,6.697371110889151,18.916365347321143,1.9865346387377745,67.62595910268566,1,24.532580664238107,0.7960046159008842,33.81297955134283,1,22.591684944958132,15.208819792658298,0.0,1,34.960685778550726,2.752324073221372,0.0,1,38.181808512959556,0.0,0.0,0,129.9099292551893,0.0,0.0,0,38.12977312495694,3.570382450423101,56.35923962778644,1,Drive
136,3.888991465406741,10.697121826570877,1.1561608214732841,132.3119621821789,1,15.077845392521155,0.4564970648834098,66.15598109108944,1,17.131843850057926,10.139889023970824,0.0,1,23.40375909797428,2.752718117757291,0.0,1,20.417518345468014,0.0,0.0,1,66.92818118021769,0.0,0.0,0,24.358149063332938,3.0329382435835632,53.73659416385633,1,Drive
137,7.321085919868691,21.346059864498358,2.6410530730299984,82.6529809019304,1,21.778335679244435,0.9975099562354586,41.3264904509652,1,23.101128200954193,17.76135218539591,0.0,1,37.33003561440472,2.964482605043548,0.0,1,45.44645036670408,0.0,0.0,0,138.05498283435492,0.0,0.0,0,30.173893523809024,3.42538940444069,44.05883014124742,1,PublicTransit
138,4.040491551659546,12.46087038045833,1.0509889864307569,131.68080951591108,1,14.900754897914714,0.5379190082338736,65.84040475795554,1,16.826269884898007,9.099365392852384,0.0,1,24.93698342740777,3.0379420111213475,0.0,1,28.119216138839892,0.0,0.0,1,64.1388595612791,0.0,0.0,0,24.869835292380433,3.211257865013768,0.09609029802912006,1,Carpool
139,8.098386234133402,20.99139203281343,2.14948722448713,152.5594165420079,1,27.03622665158625,0.9341988067252243,76.27970827100395,1,21.20571596140696,15.35682521495931,0.0,1,42.340496330300375,2.6023166317259236,0.0,1,52.727918207579165,0.0,0.0,0,161.28666604061948,0.0,0.0,0,34.056754024148105,3.163948499863691,42.0492674299526,1,Drive
140,4.913659508037314,13.837327213216538,1.4822752966763066,54.28812975689327,1,16.497116764259985,0.6676016794761681,27.144064878446635,1,17.10514411808176,12.944939154549854,0.0,1,38.578647949031534,2.6655387731497506,0.0,1,26.641162318294267,0.0,0.0,1,93.85906156368958,0.0,0.0,0,27.184783836318335,2.894419408912224,46.17633568706356,1,Carpool
141,7.484716952218619,16.98070426364634,2.0797433165191794,85.08531090235492,1,20.266744630946995,0.9473792789277857,42.54265545117746,1,19.36673236105005,17.448368370482022,0.0,1,41.44759002579593,2.6301416473819073,0.0,1,52.06343073407876,0.0,0.0,0,155.99017609522326,0.0,0.0,0,36.519917817374505,3.684280950274708,53.51342761410115,1,Drive
142,6.254204742305015,19.824156384142885,1.7584121735817082,112.02886542680321,1,21.437622200228994,0.6485913033468049,56.014432713401604,1,19.564853906350468,13.427557642531495,0.0,1,32.49464708283915,2.768909706345533,0.0,1,37.24152015393084,0.0,0.0,0,102.75281842810678,0.0,0.0,0,35.12887720763297,2.6630524779890052,64.47272360723113,1,Carpool
143,8.375855046363467,25.087453448690916,2.6464687024635256,184.28028685330545,1,22.669440134480464,0.9219359013166385,92.14014342665273,1,26.367696456461545,17.706685575185983,0.0,1,45.56879667307841,3.0962099994216445,0.0,1,40.17403302968318,0.0,0.0,0,154.05123684974862,0.0,0.0,0,38.19679854190693,3.6239659727169804,45.848439341966,1,Drive
144,3.4676865539138637,11.198335496282962,0.944299187402683,103.22179715590899,1,15.148871456178872,0.4604568117043811,51.610898577954494,1,12.880667284366623,10.053325558246737,0.0,1,25.465101273474364,2.340658752428505,0.0,1,22.3068392695236,0.0,0.0,1,73.75556543737311,0.0,0.0,0,25.737013356685722,2.58851382864638,49.17138710583686,1,Drive
145,2.62654257886507,8.683209195659327,0.8797379347100617,55.93078196053525,1,12.277217521760464,0.345143895632493,27.965390980267625,1,10.893249110255386,7.034082550787286,0.0,1,21.525447172931603,3.1818798899027536,0.0,1,16.118036714549234,0.0,0.0,1,48.70855860622905,0.0,0.0,1,19.155004751268372,2.91371881923485,7.696132756877984,1,PublicTransit
146,4.78607627164965,13.178438578930447,1.3363166348404902,91.00207636077127,1,13.588438441564001,0.5922286555710726,45.501038180385635,1,16.599304167141245,10.126390712628703,0.0,1,32.36400916496342,2.7301787840563905,0.0,1,31.2307893469041,0.0,0.0,1,87.75527632303739,0.0,0.0,0,27.234441884209918,3.1594810474604342,33.87551692756681,1,Carpool
147,8.422388888239295,23.031606095251746,2.405000478588665,203.57619329693577,1,25.262594431275854,1.0144785712666442,101.78809664846789,1,28.268045327207506,21.54000433744684,0.0,1,52.76796533795318,3.3012149848429067,0.0,1,54.149806528298136,0.0,0.0,0,186.3252053118245,0.0,0.0,0,39.56209070258685,3.3096808162231928,8.38182157170189,1,Drive
148,2.961313877023421,10.256031021334328,0.8926549908982321,54.83645304517117,1,12.496106513529856,0.3485196289576732,27.418226522585584,1,10.490426792379319,8.41192968902786,0.0,1,21.398974642100573,2.2235995862602813,0.0,1,18.062976964023488,0.0,0.0,1,72.55041096314025,0.0,0.0,1,23.948782708485183,2.5744771261924946,41.91122176074455,1,Carpool
149,3.6498773716274693,10.858104372767711,1.1196396728183335,125.89665066408456,1,16.70714638656146,0.4449837865408886,62.94832533204228,1,13.585575164857977,9.3961282640071,0.0,1,27.171871314760313,2.7829395270976307,0.0,1,23.534025373420075,0.0,0.0,1,69.7699289412853,0.0,0.0,0,28.865056500963203,2.6221806342570835,47.7781142402353,1,Drive
150,2.946434408144523,8.824109634896045,0.9263313249141713,126.53193936130488,1,12.832649664932493,0.2833134474051423,63.26596968065244,1,13.986894537125472,7.317804634941401,0.0,1,24.173693549385266,2.75255706477144,0.0,1,20.180575068754862,0.0,0.0,1,70.60129765257955,0.0,0.0,1,25.155481319804803,2.430931480226248,60.00058104528308,1,Drive
151,8.27350468001172,21.42829103136099,2.747720464172814,44.675348387769446,1,24.65601696753278,0.9645252760350216,22.337674193884723,1,26.998682684496995,19.932070954231648,0.0,1,45.6616498510257,2.796868825199103,0.0,1,45.50880051147637,0.0,0.0,0,182.9935828685727,0.0,0.0,0,35.708044517076466,3.3660979561622515,30.2180191260638,1,Drive
152,8.556086695368808,23.292834539606552,2.7125046092040934,190.1711920283228,1,27.249426419258437,1.0457768144641808,95.0855960141614,1,22.768993352785422,20.197374140298773,0.0,1,44.40619630724886,2.5516207680187617,0.0,1,55.648692564985055,0.0,0.0,0,192.07339415949778,0.0,0.0,0,36.727486889785496,4.136676797568968,19.35176200261646,1,PublicTransit
153,8.30485287134562,21.251847347244325,2.383161597984988,105.62998747159921,1,21.991917045499665,1.0184766094184095,52.814993735799604,1,25.49026085152556,16.31792842697742,0.0,1,51.12168310527017,2.9712019940371923,0.0,1,56.012945569543454,0.0,0.0,0,174.81629475814285,0.0,0.0,0,44.93351028680355,3.7563770751844516,7.564813080752636,1,PublicTransit
154,2.6506242791052315,9.701757486574367,0.8769223292953051,176.29408074031045,1,13.335873609229125,0.2996671230885948,88.14704037015522,1,14.81565397096483,7.1381801843189745,0.0,1,18.38658898332904,2.823927044706545,0.0,1,18.243091070725225,0.0,0.0,1,53.26573715558959,0.0,0.0,1,23.78031222984726,2.4944473108203407,2.9047482442277985,1,Bike
155,5.453465270671845,14.566630767785236,1.6288047633967644,107.83646622325982,1,17.80429957893722,0.7076271124561628,53.91823311162991,1,16.92208436608942,14.234217750667385,0.0,1,35.09568254870338,2.7634951255824043,0.0,1,31.913007940145498,0.0,0.0,1,120.04772521845025,0.0,0.0,0,32.893536071908464,3.1397760997500743,10.989162554128958,1,Drive
156,5.8534810933496795,16.826051819107246,1.6745375377780662,215.75691156503444,1,19.300786292014788,0.731273595839055,107.87845578251722,1,16.02224495559905,13.857615587327679,0.0,1,35.68422281207961,2.9429136909365354,0.0,1,34.674932444100385,0.0,0.0,1,129.1564430030749,0.0,0.0,0,28.97081681383945,2.932820649971302,58.3008962942956,1,Drive
157,6.579142850299828,14.654599414152157,1.991231885506773,103.10672528877325,1,17.678410534289732,0.8279224403838876,51.553362644386624,1,22.15641178324437,16.840178200460887,0.0,1,42.0062672881993,2.9380834982968893,0.0,1,42.73800876030207,0.0,0.0,0,111.91261286283275,0.0,0.0,0,39.927748583764476,3.1367725676024256,64.56394501777862,1,Drive
158,2.6166179741830042,8.179037867365865,0.8277413385050731,216.301081937533,1,12.404614945021212,0.2885553331184591,108.1505409687665,1,12.594313431162286,7.700787558269347,0.0,1,20.78266770972815,2.6362382951667462,0.0,1,15.421261241708061,0.0,0.0,1,53.28502890495693,0.0,0.0,1,24.77313554814812,2.876230053868677,1.7537762677757962,1,Bike
159,1.9118202047270865,6.774576560892594,0.5378802819083766,85.84449408115395,1,11.76593623624597,0.2527851730005399,42.92224704057698,1,12.014175352945127,6.463415680321932,0.0,1,20.614047408160506,2.427652819457526,0.0,1,12.253022728054937,0.0,0.0,1,45.98630272314344,0.0,0.0,1,20.320744341371782,2.792809788570608,8.26102490715112,1,Drive
160,3.4590591614143382,9.488891698027052,0.9041144075948233,119.65234112531598,1,13.00787418569378,0.3247895034045101,59.82617056265799,1,13.938343624941725,9.220430933859332,0.0,1,24.397478967313134,2.5896567443546905,0.0,1,22.963527442292957,0.0,0.0,1,62.036952667215594,0.0,0.0,0,29.313304801903122,2.8084754713554614,67.25127259318985,1,Drive
161,3.5334275400211714,10.17207653158891,0.8246598624976624,86.87015412334566,1,16.322102229720702,0.43475752325496614,43.43507706167283,1,19.302227956559616,8.908177078080222,0.0,1,33.564121197182324,2.806903506572563,0.0,1,21.040384991029885,0.0,0.0,1,82.89100407313434,0.0,0.0,0,23.379337281594204,2.372383721023456,12.508942866100497,1,Drive
162,6.6753445438902,18.38484673947848,2.080782350719256,104.84658286179251,1,23.93953731510142,0.7660339370660076,52.423291430896256,1,23.69311606888465,12.993993546964065,0.0,1,42.45239126673351,2.9576335802540856,0.0,1,39.141830331768915,0.0,0.0,0,123.10612807849414,0.0,0.0,0,33.33105240880604,3.318250489325393,5.886654418554843,1,PublicTransit
163,7.115509438968156,22.309968826973297,2.130742569914767,210.01157367165297,1,22.552616882822285,0.8889171390913722,105.00578683582648,1,20.60169873489092,13.465325949841635,0.0,1,44.050081661382116,2.924525693153773,0.0,1,40.852275835501636,0.0,0.0,0,144.07780694353343,0.0,0.0,0,34.86103287232033,3.78499537898444,18.231492034206124,1,Drive
164,6.457851852104655,16.80041607330768,1.8863951205452514,74.8820082691698,1,17.39835921997049,0.7275729135972439,37.4410041345849,1,21.98879510733685,11.663355442414758,0.0,1,34.51936850003212,3.0377408952334526,0.0,1,34.09608908337469,0.0,0.0,0,105.34502882502825,0.0,0.0,0,33.82772502023975,3.165154548747749,16.11777484339398,1,Drive
165,4.633083010008877,12.073714093963037,1.4286770163247728,176.5972035964375,1,19.106067098989485,0.6119859243506454,88.29860179821875,1,18.824468570320047,10.927026601307956,0.0,1,32.88481742409865,2.4885063829461362,0.0,1,32.195823113519346,0.0,0.0,1,107.52776478623915,0.0,0.0,0,25.07681169254886,3.5126031964883175,16.230056271425678,1,ParkRide
166,4.447612995943715,13.109124088015978,1.3508214656276523,192.93065094296466,1,17.85724591938469,0.43242317555011295,96.46532547148233,1,16.626609772601757,9.3745431822125,0.0,1,28.020530640969465,2.7111785264785015,0.0,1,30.81242002516927,0.0,0.0,1,91.96907232631708,0.0,0.0,0,28.4529391957695,2.7569647148127627,8.752475277679398,1,Drive
167,4.448589530908712,10.28678051267924,1.5017172937999417,185.18546865498965,1,16.30153702086863,0.5611651576988034,92.59273432749482,1,17.24289846310419,10.687769754848986,0.0,1,37.517300084650444,2.6846858230399633,0.0,1,25.506037903499134,0.0,0.0,1,94.94363828756737,0.0,0.0,0,24.958847226935674,2.9735590150586253,10.447808944501503,1,Carpool
168,2.7567013217330754,9.665618598414122,0.85903196547343,154.27457426516398,1,11.912766238944204,0.30835560180685645,77.13728713258199,1,13.08942384119695,7.44453243835902,0.0,1,20.126218710485297,2.878991922226949,0.0,1,22.208846078924875,0.0,0.0,1,54.75381965107257,0.0,0.0,1,25.636756839694826,2.512151401702346,68.37675992231863,1,Walk
169,3.1298796936592055,8.880543728912869,0.9508688229100191,159.10629426143782,1,10.611546386309145,0.3334526955138204,79.55314713071891,1,17.327501240837375,8.293868629817284,0.0,1,25.87743627114946,3.4458814369260966,0.0,1,21.019622632761127,0.0,0.0,1,60.73111019208065,0.0,0.0,0,27.26882841625569,2.5606911554627123,14.672675451547773,1,Drive
170,3.923271026908537,11.729026332534918,1.0300861474794722,174.22154944574194,1,14.580766478427888,0.42778574040814465,87.11077472287097,1,13.10765420148806,9.968656766710245,0.0,1,30.309621589266534,2.444619986500896,0.0,1,28.40126104674744,0.0,0.0,1,82.16284261223427,0.0,0.0,0,23.956744775271797,3.1503985591052133,20.844700101697892,1,Carpool
171,5.503671915613278,12.858488560808603,1.6042005207145513,171.8558111731285,1,17.935727839783954,0.599483556266381,85.92790558656425,1,20.26433327697055,14.063644254869654,0.0,1,42.191049400960566,3.3080205331013595,0.0,1,33.07175263842263,0.0,0.0,1,119.23855783880937,0.0,0.0,0,33.186772063242316,3.0644460021625917,16.76388773995313,1,Drive
172,4.875552120653803,14.08168444649501,1.57469276646159,155.5352989983528,1,19.57029840969558,0.6104895535064885,77.7676494991764,1,15.67705233785794,11.424254164456471,0.0,1,30.69304925482046,2.5842292814298338,0.0,1,35.32123381376294,0.0,0.0,1,86.63091451000132,0.0,0.0,0,34.245560164046275,3.1294873571838777,42.216328989566776,1,Drive
173,5.533608031388518,15.294322132329752,1.7393979302813238,203.5369750960724,1,21.99800268704522,0.6996956664867988,101.7684875480362,1,17.899473974631192,14.35376795586407,0.0,1,39.33299217082019,2.8591918134755487,0.0,1,28.62599909294704,0.0,0.0,1,125.05742107848927,0.0,0.0,0,34.79341606092076,2.7178541936821152,12.912857032416364,1,TNC
174,2.3507661286437584,7.78624192698159,0.6497334324331315,77.39021977430721,1,11.329383224852036,0.3207099809514413,38.695109887153606,1,11.651495638300482,6.1114484405450895,0.0,1,22.977606494804526,2.5710136793420992,0.0,1,15.636556004622967,0.0,0.0,1,52.18685730297949,0.0,0.0,1,24.446916552440687,2.6850702054789424,49.12433357875812,1,Drive
175,16.698992530231095,39.663465995038145,5.207053434056316,209.31084916006125,1,45.29741827195293,1.749867458451799,104.65542458003063,1,43.353511199459405,36.23511982189283,0.0,1,96.1028069988317,3.4494561803997765,0.0,1,85.88983860318594,0.0,0.0,0,370.1301741102575,0.0,0.0,0,63.546210922786095,4.367202105078426,33.79128885863021,1,Drive
176,3.378674688047391,8.67651024248283,1.1909928208239786,147.1855079516935,1,12.708950358997429,0.40594681389887133,73.59275397584675,1,13.769447331065088,8.766176712353644,0.0,1,26.467067135248804,2.416627602405412,0.0,1,21.112603251325,0.0,0.0,1,69.05361187535046,0.0,0.0,0,25.47330144632227,3.2422181489951214,27.65028197521916,1,PublicTransit
177,11.150367121692586,25.88715769274671,3.2815267485731,111.76229245892908,1,28.899264492031744,1.6995852317548503,55.88114622946454,1,28.607858495023258,23.940695969170996,0.0,1,64.10520130718564,2.9568233420513517,0.0,1,69.2527695429741,0.0,0.0,0,230.84562580434726,0.0,0.0,0,46.85089307455584,3.8286334526034587,9.394258261921347,1,Drive
178,8.880018829198606,19.41322678197886,2.4652785760143123,41.59034581681385,1,25.017145803411935,1.1102884037913294,20.795172908406926,1,24.520325371446862,20.207109674584316,0.0,1,44.300993879179465,3.06760036688912,0.0,1,62.27520255558176,0.0,0.0,0,144.59298173392182,0.0,0.0,0,45.40594614716436,4.162883589740494,68.76068687315502,1,Drive
179,2.6603125043852156,7.745128750537137,0.7589280284193679,75.24450878737089,1,10.161030260482123,0.30365172750039665,37.622254393685445,1,11.268806019352565,7.389427078634199,0.0,1,24.85712304339405,2.2809131505085483,0.0,1,18.423865846636655,0.0,0.0,1,53.52629379108135,0.0,0.0,1,24.208526112587652,2.9555418365230413,9.897495276268181,1,Drive
180,2.891429823030041,9.657237250623249,0.9540643412001845,202.58182631895247,1,12.007658057106143,0.4137224297569751,101.29091315947623,1,13.776343821887062,7.120736822388359,0.0,1,21.376144977925172,2.3421742313604494,0.0,1,18.81902405649285,0.0,0.0,1,57.98183946504272,0.0,0.0,1,21.23276879785296,2.7153326614514888,6.07388805563272,1,Bike
181,6.316632196240852,16.963073006466068,1.8600930525240176,44.85124812361448,1,21.68671088892796,0.7490847974521928,22.42562406180724,1,22.3496495355131,14.033042960377054,0.0,1,36.968172422762905,2.4343171623352977,0.0,1,37.85740991542259,0.0,0.0,0,119.49211217814553,0.0,0.0,0,35.24543076028171,3.42454578528203,14.618641819801285,1,Drive
182,1.234197156095192,5.171023845322757,0.3263610424352783,164.78622560413797,1,7.15300321662593,0.11597652534367195,82.39311280206898,1,10.061197951164726,4.885511786339703,0.0,1,19.42497172409226,2.3702286402525954,0.0,1,9.870042164840408,0.0,0.0,1,21.757916595008002,0.0,0.0,1,20.529772596373476,2.5188427908239133,33.72153697656495,1,Carpool
183,5.411792503637922,13.687285770339525,1.558957529954428,201.17289589194075,1,17.297063554034356,0.5707132765779318,100.58644794597038,1,16.74567787859051,14.774868202383258,0.0,1,39.48986593037039,2.877811103896249,0.0,1,32.83561269173819,0.0,0.0,1,94.52600822977914,0.0,0.0,0,29.013685492406385,3.536344239254355,59.273011815516774,1,Drive
184,2.469202539089776,8.099383444557867,0.7374972862419447,121.11706839676293,1,11.452122925410272,0.28646177710601073,60.558534198381466,1,13.039954458255648,6.164120808185634,0.0,1,23.808880785045826,3.052485707171749,0.0,1,15.925414710955868,0.0,0.0,1,58.67263987936931,0.0,0.0,1,23.68868106086641,2.644273470209422,34.55139093506284,1,Drive
185,6.351711227885886,15.220681456930873,2.266441057279609,54.796429747649874,1,25.535820562153514,0.8182634114481309,27.398214873824937,1,21.495029151331014,13.442138160612146,0.0,1,37.7045816851965,2.8249608145399794,0.0,1,40.62843767018589,0.0,0.0,0,116.0346724648585,0.0,0.0,0,39.058326404828115,3.3710582496773354,41.35229371243212,1,PublicTransit
186,2.4122777348168896,7.332788277959384,0.7814447330638324,213.39365791884725,1,10.573856472713809,0.3132062842476453,106.69682895942363,1,10.43053678069522,7.8420493447311115,0.0,1,21.13035040596459,2.6682815961067066,0.0,1,16.186895857949136,0.0,0.0,1,45.43011865656478,0.0,0.0,1,24.249109645350664,3.078416233449175,40.00704985616969,1,Walk
187,5.5665320324310645,14.982626614903559,2.082834069134375,127.41969666381813,1,20.491052377424772,0.7649510202846409,63.709848331909065,1,17.253844922125587,14.731629269206907,0.0,1,35.63318590006731,2.610580469779245,0.0,1,32.68003675745062,0.0,0.0,1,108.53319666298063,0.0,0.0,0,31.702508175497982,3.5371469015066994,13.850432638183145,1,PublicTransit
188,13.653401828646953,37.098275342537484,4.1744911400457205,152.1275403929514,1,32.307231789626094,1.6706559494362787,76.0637701964757,1,33.44849946270813,27.7767961030428,0.0,1,82.69742139350191,3.3766613751550523,0.0,1,77.32559997630558,0.0,0.0,0,224.67404834920043,0.0,0.0,0,52.118548137695505,4.085936273512766,16.981099938579924,1,Drive
189,7.284577432000465,18.172261486431914,2.174830711010733,60.67633844207717,1,22.06833977191917,1.0390151852743714,30.338169221038584,1,25.480686151847635,13.348757507479258,0.0,1,41.51889992046121,2.7363490227867415,0.0,1,40.89725969234547,0.0,0.0,0,134.31121074893298,0.0,0.0,0,32.66999574483033,2.744356058734124,49.556605256248,1,Drive
190,5.13485301201904,13.25550294827388,1.6026632515167716,72.083000245119,1,18.584376035317824,0.6416169441643511,36.0415001225595,1,19.711512669692922,12.288822382973494,0.0,1,29.82655710649437,2.8808604034290144,0.0,1,30.112330365549553,0.0,0.0,1,110.52944971667165,0.0,0.0,0,30.915767225756873,3.139883369094248,6.3833553497584985,1,Drive
191,6.048134998959951,14.384836631450533,2.2320629800434353,88.79189489941012,1,23.50737192403163,0.6730865239714203,44.39594744970506,1,17.29399869346869,14.40832340914677,0.0,1,37.309258089185185,2.34644117235183,0.0,1,38.37120797685908,0.0,0.0,0,120.22015602288107,0.0,0.0,0,33.3491751540129,3.4472941440615297,36.72417650715219,1,Carpool
192,1.520738893124708,6.377351195492192,0.4616066850852558,114.34804553401776,1,8.832486369646398,0.20896246603715257,57.17402276700888,1,9.505884368260352,4.392510906319298,0.0,1,20.062503313078476,2.2771873203413575,0.0,1,10.075064512664616,0.0,0.0,1,33.722008904004774,0.0,0.0,1,19.678562595753796,2.6110250030391606,60.32746191475131,1,Drive
193,5.532815949057382,15.017747303003905,1.8127270099565427,68.10245640525233,1,20.122698260137504,0.684890405960714,34.05122820262616,1,15.193425039240353,10.931786136854674,0.0,1,34.56217548582695,2.3865603535881514,0.0,1,36.96282107562208,0.0,0.0,1,121.64036670858181,0.0,0.0,0,29.645316433814468,3.1745855724872527,58.02219334071676,1,ParkRide
194,4.950886032462039,11.818640442348245,1.4441387607800598,203.12072812420882,1,15.86488610267107,0.5790160669973501,101.56036406210441,1,19.72907525555003,11.39788355343544,0.0,1,30.7042380333316,3.0167113965922665,0.0,1,38.652134595691294,0.0,0.0,1,88.55449221138777,0.0,0.0,0,35.12335753823646,2.926623935702103,58.23886113173485,1,Carpool
195,6.607670995209949,13.278637356488149,2.3611268759071273,138.58886615046566,1,21.60280180826055,0.8008942757764763,69.29443307523283,1,21.204505956453794,14.53363186984412,0.0,1,43.22481612397297,3.259340141250624,0.0,1,41.6069171846832,0.0,0.0,0,120.30532132374063,0.0,0.0,0,38.03074662691159,2.911637160923149,17.345166268099078,1,Carpool
196,4.299947936099917,12.02418964957784,1.1203959581540697,137.6846269636905,1,17.62924009762742,0.5489928287803277,68.84231348184525,1,14.038059171779446,10.222911326115309,0.0,1,29.46412767860551,2.9079307419672626,0.0,1,29.737413833298017,0.0,0.0,1,79.53077264462216,0.0,0.0,0,26.589600875875867,2.8400762645093707,57.8889395335299,1,Drive
197,14.94127683056543,38.234663019009325,4.671209976649143,156.90210780618196,1,35.536408867655624,1.6242034688825113,78.45105390309098,1,43.08491187768412,27.558318499205637,0.0,1,67.13920120687747,2.9217830063932446,0.0,1,97.61625915520509,0.0,0.0,0,292.9078448875731,0.0,0.0,0,64.22011378446658,4.5372838365288475,19.407895692791666,1,Drive
198,4.604404477429274,13.980620335929487,1.557672688764574,87.00354223163448,1,16.583201999083492,0.5061294282300594,43.50177111581724,1,19.677278260327768,12.622373881037275,0.0,1,31.382046765666306,2.826803733057757,0.0,1,29.307200175989163,0.0,0.0,1,96.05599552555051,0.0,0.0,0,26.793749869004163,3.4235491663535402,28.55733480963768,1,Drive
199,5.145823029581703,15.290373826072205,1.4792096089050704,111.57867518243246,1,18.61898389352183,0.6341366269411706,55.78933759121623,1,14.921974632051889,9.906500963812258,0.0,1,31.505590343795262,2.61850085158557,0.0,1,30.1482693391725,0.0,0.0,1,96.01002324144217,0.0,0.0,0,26.472228725442694,2.7164342878101184,42.54004788556111,1,Carpool
200,4.132824160676365,11.778835183165283,1.4173357083032554,148.755097313882,1,16.20345271725279,0.5458896380140352,74.377548656941,1,16.473753744415955,10.65698395834906,0.0,1,31.247264291144283,2.504728899775512,0.0,1,25.777171751097633,0.0,0.0,1,81.02602095019522,0.0,0.0,0,28.213572190386778,3.007504097259752,65.29834113061409,1,Drive
201,7.371419201819431,22.07474841590504,2.125543648255234,82.7047950072894,1,28.705742727636203,0.9634988679752555,41.3523975036447,1,22.318650582419192,14.890347434606152,0.0,1,35.53510415788269,2.838380252182914,0.0,1,43.84059216772743,0.0,0.0,0,146.84550526474845,0.0,0.0,0,38.929604569696465,3.530357906373333,33.31384645567405,1,Drive
202,10.346092556896824,22.586814401239646,2.8744014410017273,158.17985762582836,1,29.465311400146323,1.1905290255936094,79.08992881291418,1,26.47928419945666,23.667397699397338,0.0,1,65.58493282767428,2.979677002198853,0.0,1,62.52921136916274,0.0,0.0,0,217.57839289067846,0.0,0.0,0,39.56311639156455,3.8046642866763065,15.78180246770723,1,Drive
203,2.685397446985296,7.520248504802201,0.8360953972200095,88.82990055147714,1,9.140978064159771,0.2768197942783004,44.41495027573857,1,12.982438532959703,8.205471977649795,0.0,1,22.772357143804058,3.0301826926026108,0.0,1,18.02239269214374,0.0,0.0,1,53.433301216279986,0.0,0.0,1,16.722266456190145,2.536956929991172,17.098786729432774,1,PublicTransit
204,1.3550128208269463,4.706653411715012,0.4364760095731668,207.89539782581897,1,8.280264111626286,0.1668423489670511,103.94769891290949,1,10.347964927262971,4.950360410916028,0.0,1,18.62624666396833,2.7498939845540047,0.0,1,11.175368101253715,0.0,0.0,1,29.018840255597357,0.0,0.0,1,18.848417673285315,2.317285676577441,69.56105906867593,1,Walk
205,3.4017050654708485,9.341736183048152,1.152312671509669,171.50776809671177,1,12.094605779238123,0.3642649850627225,85.75388404835589,1,14.010273409280272,6.690997512084237,0.0,1,30.507203480035425,2.8601086374138545,0.0,1,21.071393211355698,0.0,0.0,1,60.30526748005287,0.0,0.0,0,21.155866179034803,2.318741316925688,49.716190704589586,1,Drive
206,3.6454385546769807,11.553894026583055,1.0582222558627747,137.9587687629516,1,13.795544594712045,0.3820887237171192,68.9793843814758,1,13.036752786726106,8.949861718848805,0.0,1,29.15291956554958,2.7743834451960554,0.0,1,23.982614310384456,0.0,0.0,1,74.5230271791571,0.0,0.0,0,24.188210276616438,3.4436426460641614,7.023121773012724,1,Drive
207,3.658485866202964,10.9514977731653,0.9467477340443498,210.47218453241933,1,13.687352877218345,0.35184417812052393,105.23609226620967,1,13.290956779716282,10.283895627114006,0.0,1,27.19782159741743,2.5215055460467006,0.0,1,26.497254057509945,0.0,0.0,1,72.68359891730454,0.0,0.0,0,27.743290861666758,2.953599040526101,69.16197157344271,1,Bike
208,4.356619025364995,12.241515713590788,1.1861425893494382,139.6203134279716,1,16.128885001713844,0.48494894783929887,69.8101567139858,1,15.948308938135357,10.51650315392489,0.0,1,25.549371509244445,2.1702746974859517,0.0,1,27.623919980368093,0.0,0.0,1,99.92004659009393,0.0,0.0,0,30.59492176021317,3.1521759088737866,35.83600055237076,1,Bike
209,8.57913435887248,22.6033156592848,2.660678335883019,168.87332839526093,1,23.15545670846807,1.003923868987048,84.43666419763046,1,23.740647574585807,21.347861027522626,0.0,1,47.58795901726499,3.002577245637638,0.0,1,51.683827367964454,0.0,0.0,0,175.58444927170987,0.0,0.0,0,50.12142945322375,3.3037172805519335,26.449057417397466,1,Drive
210,4.701318327848226,13.722098792259532,1.5553195819702368,181.5470638691156,1,16.911723203233034,0.5469643248076778,90.7735319345578,1,16.874434799189086,9.90470897558929,0.0,1,33.019036454714595,3.3560026416811226,0.0,1,25.820183205120145,0.0,0.0,1,110.98538357511251,0.0,0.0,0,27.20376874330797,2.9719414986908004,62.42395572186246,1,PublicTransit
211,1.688657835677526,6.085735244026399,0.5483145930141675,199.52294940302693,1,9.647959657178586,0.1791595901815063,99.76147470151346,1,10.718937752615313,6.125509792393094,0.0,1,18.805790166105904,2.684022589144409,0.0,1,12.426555620553902,0.0,0.0,1,33.573353580841285,0.0,0.0,1,18.21987722234209,2.8791086012428115,12.084281054463531,1,Bike
212,4.650715279378354,10.674446000924874,1.2518222441764921,111.2117476859256,1,17.85918710402345,0.47716059652519965,55.6058738429628,1,17.010080276663267,10.175750569220954,0.0,1,34.5166484659202,2.9678022635018935,0.0,1,31.17368311942623,0.0,0.0,1,94.43832755156974,0.0,0.0,0,29.748581874337372,3.1958064597447935,31.10669225287174,1,Drive
213,4.9052191132962655,14.942463163859568,1.4268695476232156,208.83042796959597,1,17.913778696904128,0.6369642959671352,104.41521398479799,1,17.4653176361393,10.871574141366724,0.0,1,29.474944155221895,2.6825820696347487,0.0,1,30.92970957255526,0.0,0.0,1,108.87540027784767,0.0,0.0,0,31.19907995095571,2.9455334486686797,42.9488989317769,1,Drive
214,5.353207637116046,12.20304122814467,1.7942570377071723,190.79639221275144,1,19.195990227410547,0.6083154254733468,95.39819610637572,1,14.969302813057208,14.476190349083952,0.0,1,29.87947085892872,2.7944523547459315,0.0,1,28.701258775389594,0.0,0.0,1,100.44540247304069,0.0,0.0,0,29.29650260953016,3.086348303334016,18.09748980238246,1,PublicTransit
215,9.719187302085667,24.32566651284255,2.9513660382053852,159.78740437462238,1,24.27852328233234,1.1247715147996875,79.89370218731119,1,29.4580652127997,17.00575917107331,0.0,1,59.41998345615178,2.945617625574556,0.0,1,60.873932781584465,0.0,0.0,0,200.37273770979562,0.0,0.0,0,44.34549890488848,3.5959550283353225,18.295745391715844,1,Drive
216,2.36646090876945,7.582303196817114,0.6123482797445094,147.3603683160834,1,11.36161572075193,0.265348819219354,73.6801841580417,1,14.01358451255407,7.370665501401893,0.0,1,22.598771974971722,2.6930897016301194,0.0,1,17.457979767408823,0.0,0.0,1,47.570383417666925,0.0,0.0,1,21.211052066349627,2.553277417501589,55.163723276656604,1,Drive
217,4.830941726638277,13.5611288556649,1.2533621985012773,197.30321048192764,1,17.40137626927741,0.5705626371236038,98.65160524096382,1,18.377131224278344,10.945151973168707,0.0,1,28.48255992342286,2.8913477857888417,0.0,1,35.75642831645117,0.0,0.0,1,106.58660177798298,0.0,0.0,0,30.245414968490135,2.956917642131809,26.370491066256665,1,PublicTransit
218,3.032596740320234,11.077143957018675,0.8183856483393269,180.58855068920542,1,12.654259354576675,0.4025678401163013,90.29427534460271,1,14.025748361224625,8.514239221970321,0.0,1,22.810821117099376,3.2056393259070863,0.0,1,19.407608640474468,0.0,0.0,1,60.56428541569305,0.0,0.0,0,21.98967040998507,2.8669506653104992,33.162959061328806,1,PublicTransit
219,5.371937761544453,13.117102987013508,1.3945158076782052,77.29436713895825,1,14.796543342922448,0.7351709265576132,38.647183569479125,1,18.61282590525676,11.95109337816254,0.0,1,33.26840630789869,2.6823990692973965,0.0,1,36.28974328074486,0.0,0.0,1,127.13906290673101,0.0,0.0,0,31.614739705903734,2.786685715261894,17.06833925483807,1,Carpool
220,5.501929589282975,15.667345097694428,1.9279563695273725,65.29491266843151,1,19.959381417636124,0.6719526950075103,32.647456334215754,1,17.162402421145618,12.176324075892625,0.0,1,35.15486535902893,2.844157569042546,0.0,1,34.75357864006663,0.0,0.0,1,119.25174507165936,0.0,0.0,0,34.8918566062122,3.119177067450732,39.56338254487194,1,Drive
221,1.868379424165972,6.642180867145829,0.7267582273184376,207.67284097969087,1,10.233439587246156,0.20155524484257012,103.83642048984544,1,10.916049148200603,6.332614593739555,0.0,1,20.49189717459104,2.388951697377921,0.0,1,13.56741937624239,0.0,0.0,1,29.72896303588471,0.0,0.0,1,19.090533979437446,2.4259807748878615,66.71807081616205,1,Drive
222,6.529531072824271,15.692058994935273,2.184269632683762,68.67627078773762,1,21.161166822724613,0.8456479836175566,34.33813539386881,1,23.399147660798395,16.43449474624654,0.0,1,37.59610814804141,2.706337281548449,0.0,1,36.54726026467863,0.0,0.0,0,136.51497989701124,0.0,0.0,0,40.46214734144287,3.4596326890173112,50.5241372677521,1,Drive
223,2.860543710648752,9.256726499877281,0.8753043678611939,123.9483922545248,1,14.571133727318033,0.32667768076415216,61.9741961272624,1,11.344262464240966,6.939114602545028,0.0,1,22.227873876539,2.7266694713620714,0.0,1,22.690757600841746,0.0,0.0,1,52.406475324390215,0.0,0.0,1,25.203284410972923,2.5276011285696702,40.82902648017791,1,PublicTransit
224,15.927658144138634,41.319039647052726,3.7111373713801545,179.04289359921253,1,43.57269900645891,1.9600266919436227,89.52144679960627,1,35.39447013735038,28.753028203595573,0.0,1,83.62875859457532,3.094797082940023,0.0,1,92.62284119060753,0.0,0.0,0,331.3538537410424,0.0,0.0,0,73.06784079985829,3.9233185762061416,21.420387985206577,1,ParkRide
225,10.153568623232067,22.384672285467765,3.0139464815282997,155.31770548815584,1,31.4122957445495,1.3675409544374588,77.65885274407792,1,28.069413804750408,25.252817451218025,0.0,1,56.045494725335004,2.8485145659114663,0.0,1,59.49725405012086,0.0,0.0,0,199.60265834882736,0.0,0.0,0,44.99592888384925,3.51768500152562,37.085498210203966,1,Drive
226,19.710833113327258,50.31054567191584,5.985297974256574,88.19166942410538,1,47.415316758313,2.823321012597812,44.09583471205269,1,55.39717481218614,38.88883093341357,0.0,1,97.8214495950983,3.2113307606638704,0.0,1,102.9776542004785,0.0,0.0,0,399.14663356993356,0.0,0.0,0,89.8232562751193,4.689524336798187,3.110870197820843,1,Carpool
227,5.229807140869944,15.253007582252392,1.9646645463850163,80.32380150414265,1,19.246612296808706,0.5616870616802774,40.161900752071325,1,17.967121691695734,10.999374384482975,0.0,1,31.293553941079974,2.971788313978794,0.0,1,36.16430248997371,0.0,0.0,1,100.39986737818623,0.0,0.0,0,29.98058052956803,3.406682999666995,27.281181211937714,1,Drive
228,3.867691542899469,9.387614812491156,1.1655864526105717,97.44144910655848,1,15.173500053080957,0.5029861585052278,48.72072455327924,1,16.71591645651756,9.876258624174515,0.0,1,24.757520639397562,3.1981479352541107,0.0,1,26.906911839335162,0.0,0.0,1,72.6066274187131,0.0,0.0,0,21.392411147468625,2.6418565613896368,51.29845552047152,1,Drive
229,7.085770848768896,18.27804416422038,1.9613793954608414,51.3315335147146,1,21.566346728971197,0.7489625855236732,25.6657667573573,1,23.058173857093085,16.668930454369093,0.0,1,41.68022699632357,2.624509096509522,0.0,1,51.71684810469769,0.0,0.0,0,146.2839187474499,0.0,0.0,0,37.511157577637036,4.009217139580393,11.399178616969314,1,Drive
230,6.040248268551812,18.644622203089305,1.7510299634287918,46.950977731933044,1,19.109075084009973,0.5903961414252312,23.475488865966522,1,21.06338990728988,15.017327247610957,0.0,1,37.52018237608817,2.7509610487818583,0.0,1,34.299391886017894,0.0,0.0,0,119.59227457659408,0.0,0.0,0,31.742063339535108,3.228697783442453,41.112081014907986,1,ParkRide
231,6.355507208256655,14.956357319531108,1.9475437907482591,185.93650891529268,1,17.849675115715574,0.8126706946109076,92.96825445764634,1,18.68491653086734,13.473342328686206,0.0,1,44.01533652628694,3.3081811660899154,0.0,1,33.24707640018249,0.0,0.0,0,115.30710124716482,0.0,0.0,0,32.341556400494305,3.2231277526482818,56.10603516138139,1,Carpool
232,9.420168250612921,20.409661890212224,2.4003509015461715,139.25434490325128,1,25.480238653914377,1.0727843594182098,69.62717245162564,1,24.957907295078513,18.108770400231197,0.0,1,49.24122093006752,3.4902868236717635,0.0,1,57.44073464289657,0.0,0.0,0,219.9282006752902,0.0,0.0,0,43.4408136636977,3.3482219405302134,28.09189066447102,1,Drive
233,4.843093647887362,15.24618805089836,1.292545794299998,126.43171147776741,1,21.246635697369427,0.5202149197483128,63.215855738883704,1,17.256812622187166,9.609358951459768,0.0,1,32.280078367522975,2.3235341826980824,0.0,1,31.465859477496053,0.0,0.0,1,92.81721475344139,0.0,0.0,0,29.198966404591662,3.1440925482054953,22.81221551042967,1,ParkRide
234,5.271121556976994,15.2013618023918,1.8600901174422593,181.56243518262562,1,17.0559675433737,0.6468738068434869,90.78121759131281,1,19.220441089658557,10.640729094949682,0.0,1,33.571240684519935,2.311647802392995,0.0,1,28.627746443473345,0.0,0.0,1,113.22836957983205,0.0,0.0,0,30.074597951715198,3.275293306932014,67.37368148861434,1,Drive
235,11.319329488835587,25.038578696210315,3.711507706922498,46.33923809076374,1,32.66810331604198,1.3662389196895286,23.16961904538187,1,29.9628403731255,21.497108909572322,0.0,1,56.365492364379804,3.656468875201007,0.0,1,67.89900574719015,0.0,0.0,0,240.55456490472966,0.0,0.0,0,44.90408422725071,4.027982222561304,64.3545391561097,1,Carpool
236,2.312333513538076,7.916382033226711,0.8000990873694668,136.39619383284423,1,10.378774925408942,0.2896898521744376,68.19809691642212,1,12.280287981653421,7.050377604474127,0.0,1,21.328810908441177,2.340336381230546,0.0,1,18.116222875062387,0.0,0.0,1,57.41567332818391,0.0,0.0,1,22.394267337703216,2.872183310186068,41.16558885642658,1,Drive
237,6.673740143345033,17.832437500305492,1.9890446856532946,46.74093081107277,1,22.44623216256277,0.7468418304087802,23.370465405536386,1,19.960107968493116,12.41353799466506,0.0,1,44.708976408745784,2.8259143338572517,0.0,1,50.14315679178122,0.0,0.0,0,165.95437574737647,0.0,0.0,0,35.03309529558269,3.382323363681104,6.754853050426686,1,Drive
238,9.328756910011858,25.984031061375315,3.1113860668504465,186.66280487384628,1,30.32782306135478,0.9267992222375095,93.33140243692314,1,22.499572814840004,19.43285074241544,0.0,1,47.32724078401726,2.6051831995543084,0.0,1,59.75360279311141,0.0,0.0,0,181.8684745299806,0.0,0.0,0,40.902019144765674,3.16875992923828,18.00049896205392,1,Drive
239,17.57744797850181,48.287886078720966,5.483297611061662,206.91159960988654,1,53.92675201158923,1.7791755103312434,103.45579980494327,1,44.25456521127871,33.3193088533205,0.0,1,84.8085270369324,3.451952131228938,0.0,1,101.68830793989757,0.0,0.0,0,365.7157397607587,0.0,0.0,0,72.80381089202099,4.896836489415555,23.445094761408765,1,ParkRide
240,4.593083229484375,12.500346062575614,1.3326036374485573,139.7549912293639,1,16.2698116615508,0.5602797084703569,69.87749561468195,1,21.871854988679814,12.636385807249507,0.0,1,32.46127601059604,2.6740046314945345,0.0,1,35.83395822844146,0.0,0.0,1,87.51061620898984,0.0,0.0,0,24.868131627388223,3.5851462581086535,27.648644170316995,1,Bike
241,3.0539580037571348,10.831731585096833,0.8710044940433171,209.0101576578955,1,11.779309657708318,0.3518119068085679,104.50507882894775,1,11.698924995539498,8.873607876632196,0.0,1,21.520456004086988,2.699368358175033,0.0,1,23.30591259167198,0.0,0.0,1,53.00563338002755,0.0,0.0,0,25.88575245978968,2.608691609239962,54.9148376590085,1,PublicTransit
242,13.54042824752981,29.286650504289444,4.1364881374402795,162.2013071369845,1,45.124539037508846,1.6145269311041845,81.10065356849225,1,39.27375781488524,30.66423847003525,0.0,1,61.23796193021505,3.2192887413813547,0.0,1,91.78722518406913,0.0,0.0,0,270.77544212382725,0.0,0.0,0,54.040330522800765,4.722616584396308,13.386126088029641,1,Carpool
243,5.426127337117693,16.260776236540668,1.3217176317129569,149.03063151565118,1,17.25761748278782,0.5831214833177811,74.51531575782559,1,19.172245065519597,12.122592415183524,0.0,1,32.803253403235416,2.817531267848278,0.0,1,36.65407250232839,0.0,0.0,1,101.38351082922932,0.0,0.0,0,34.16432035198631,3.3495589503581797,27.45243811031667,1,TNC
244,6.436954741001397,16.387995429263444,1.7956429977229496,207.45941854300838,1,21.486920276025394,0.6737544101442251,103.72970927150419,1,19.98461581432891,17.61087634413023,0.0,1,33.24417958768704,3.078728420078689,0.0,1,34.872272443979526,0.0,0.0,0,113.02908797729106,0.0,0.0,0,33.69709872640504,2.894072856341464,66.03694254569838,1,PublicTransit
245,6.669924444637235,16.38348634737686,1.979978183159392,164.0803121053323,1,23.94115050531472,0.8215855953167731,82.04015605266615,1,21.6919650184623,16.48410368321127,0.0,1,44.8657991648831,3.090009575220204,0.0,1,41.91015166049934,0.0,0.0,0,151.99168078790854,0.0,0.0,0,42.719889021162224,3.3428308248243046,28.44781681225783,1,TNC
246,6.030101161736354,14.400345983117546,2.265911303218442,133.4850757168319,1,21.08161014521936,0.6693002456965889,66.74253785841594,1,17.615236583974916,14.929963135900012,0.0,1,39.765008212588725,3.1817821270264828,0.0,1,36.046529433052974,0.0,0.0,0,119.0694842574183,0.0,0.0,0,29.721292967010754,3.0698765716784755,58.97952203388786,1,ParkRide
247,6.782331510858088,19.465228040646984,2.3582549236028263,210.99286104592258,1,22.331754243841377,0.7175507497926619,105.49643052296129,1,26.500093089409514,14.827511003048437,0.0,1,41.8419320117364,3.221157131635506,0.0,1,35.62041904199678,0.0,0.0,0,130.66173878724626,0.0,0.0,0,35.56863737362726,2.5035085901673786,41.4856631062775,1,Carpool
248,7.488282837794591,21.449957807747882,2.6351686704775292,61.1806173068522,1,20.480565945363967,0.9233133259226847,30.5903086534261,1,23.926308583775594,16.651111013459957,0.0,1,42.486256480300455,2.9941364247709483,0.0,1,50.1734092369214,0.0,0.0,0,156.9056259121664,0.0,0.0,0,41.92679118367513,3.5275187139319257,11.82263316196986,1,Drive
249,2.7534725725377474,9.369119986721202,0.9245828442441014,187.98355667055736,1,11.886426652464875,0.32508577044716236,93.99177833527868,1,12.640604827156569,7.485505152222335,0.0,1,24.1478309682599,2.794294312799942,0.0,1,13.766989831740089,0.0,0.0,1,49.21468726767312,0.0,0.0,1,24.069024449558658,2.677132154513836,43.229918138569914,1,Bike
250,3.8758055945253362,11.687362836221517,1.3923546198239332,194.2236412364829,1,15.931868788682907,0.41376667833683034,97.11182061824145,1,16.221775108049144,9.458611825473248,0.0,1,28.331663471135176,2.7175450683365394,0.0,1,25.077011836259736,0.0,0.0,1,75.89806722501638,0.0,0.0,0,26.66306888147767,3.211478737514122,66.48615954534628,1,PublicTransit
251,11.032351524601669,28.47051455222769,3.4415353456796804,167.50790408226135,1,29.664048128507503,1.3591671106553722,83.75395204113067,1,27.580692773142538,18.21562983188821,0.0,1,55.87596056703993,4.072811988308458,0.0,1,64.4836595253071,0.0,0.0,0,230.27913786379537,0.0,0.0,0,42.859324327217436,4.013768352932697,47.269175114610924,1,Carpool
252,5.985526060823539,15.413149694871867,1.8481245131040158,60.147886751682535,1,17.70291413729145,0.6586145482851122,30.073943375841267,1,18.591159379787822,12.97941118715021,0.0,1,39.31393200150432,2.81031695556637,0.0,1,40.05015129436692,0.0,0.0,1,149.93400063238388,0.0,0.0,0,31.411738032831757,3.570218318785998,14.328631840107775,1,Drive
253,4.026148819688843,11.426065742337887,1.3514570580408285,144.59683677219297,1,17.590609691403394,0.5373195974342487,72.29841838609649,1,14.107395194054181,9.139624499615703,0.0,1,31.016836843487027,2.5694820201074147,0.0,1,31.64120693382696,0.0,0.0,1,77.14691971145444,0.0,0.0,0,25.851709439605138,2.985993379275767,68.02370947020589,1,Drive
254,3.499180017815062,9.4356461468819,1.023573675434189,106.76311583290288,1,12.714671638926704,0.3937715968645217,53.38155791645144,1,11.66143365817572,8.114868065359701,0.0,1,23.55399291028882,2.72806382875825,0.0,1,19.33378406045969,0.0,0.0,1,79.50575509479152,0.0,0.0,0,23.912575807304403,2.842910468187137,54.527666537848845,1,Drive
255,4.554595254866604,13.795904338395163,1.5094975345108097,202.22158202649638,1,16.36985631031698,0.49721026435733584,101.11079101324819,1,15.148631488652258,11.04715077337679,0.0,1,32.61328541024716,2.971518911607923,0.0,1,30.652309069089213,0.0,0.0,1,96.36428166263782,0.0,0.0,0,32.64183252304025,3.2936685956268197,67.29855565032364,1,Carpool
256,2.7628339389883934,8.720387573539897,0.8613321950361132,79.48170484158335,1,12.841407865507916,0.32830965378794796,39.740852420791676,1,10.188241425935095,9.759168951078857,0.0,1,20.749045481725556,2.4447705046536523,0.0,1,16.398602116291524,0.0,0.0,1,47.088186835238616,0.0,0.0,1,23.204000192524745,2.64321417732739,3.3453139784803456,1,ParkRide
257,4.266106656229935,11.918999085820996,1.2823802267549815,82.0532940330117,1,14.863443395709398,0.6002685722675525,41.02664701650585,1,14.747766397552754,10.00387379364711,0.0,1,32.43798704147414,2.9080753781468793,0.0,1,30.483725278356392,0.0,0.0,1,83.5893207585408,0.0,0.0,0,25.84613425638692,2.96362645207132,63.60289347182323,1,Drive
258,2.343656562445304,7.956962752242718,0.6617681287974293,58.49077958804023,1,12.051697573604482,0.2722469564036503,29.245389794020117,1,11.649925833644952,5.9713325448005685,0.0,1,26.39704922469899,2.6021592967498153,0.0,1,16.852975269872005,0.0,0.0,1,53.68346909199494,0.0,0.0,1,23.33676683873726,2.8231470027511345,49.05630171236336,1,Drive
259,2.7168592644474816,10.05710192376114,0.7138594187594107,86.83958703140826,1,10.513303551182192,0.3267784621821714,43.41979351570413,1,14.645575334663802,7.291598393417641,0.0,1,23.595378273620316,2.887671831184375,0.0,1,19.54099591149827,0.0,0.0,1,63.74188608035285,0.0,0.0,1,23.277067907671196,2.961328644749622,18.447705101462002,1,Walk
260,2.191979644432997,8.450025235219845,0.5086812221910225,108.47863172276398,1,12.194580972736098,0.27027007294796906,54.23931586138199,1,11.826131774360393,6.363644591457939,0.0,1,19.602293873538976,2.533855597566752,0.0,1,14.999206036711183,0.0,0.0,1,41.137728144829616,0.0,0.0,1,23.223026299040807,2.845808916074651,26.895705431494207,1,PublicTransit
261,8.440557976935287,22.8117351104082,2.841149472520066,168.44887528829275,1,25.528373588296343,1.033145269222422,84.22443764414638,1,29.04198932622045,17.42153596267217,0.0,1,39.540846623294655,2.6602562157575074,0.0,1,56.187261438501984,0.0,0.0,0,170.3347795931389,0.0,0.0,0,40.765689380205046,3.867406259442666,45.06208119596299,1,PublicTransit
262,6.258940342728915,17.02180286033949,2.099093347139857,155.14558189980605,1,19.185292788463975,0.6722315256464705,77.57279094990302,1,18.85819072678519,14.202611152057658,0.0,1,33.35358769058429,2.635457602521689,0.0,1,41.0695478176766,0.0,0.0,0,124.38391543337032,0.0,0.0,0,32.25048657139251,3.3395389780542906,23.744784059768158,1,Drive
263,2.763928581466004,8.52449192903219,0.8518979491111055,215.54006269908484,1,11.000877046798323,0.2923136756434958,107.77003134954242,1,12.20598615055186,6.777235308650741,0.0,1,22.766447671039213,2.781272123675595,0.0,1,19.31152191809413,0.0,0.0,1,54.55856272278303,0.0,0.0,1,23.959015883535457,2.1196912151311342,15.945406782508456,1,ParkRide
264,4.0506253589267605,12.715445469516983,1.0496242222506718,188.40897696131842,1,16.763864981343612,0.5713204554915076,94.20448848065921,1,16.661038700651474,10.688801238598723,0.0,1,28.70239559056511,2.3760348832617084,0.0,1,26.279360308511684,0.0,0.0,1,75.09968308654184,0.0,0.0,0,23.66276208722211,2.9581615378531554,36.785786485520866,1,PublicTransit
265,4.344513988397266,13.80929964680701,1.480006580583398,135.1676840858566,1,14.445231906714447,0.6077400406889701,67.5838420429283,1,18.132862657261462,10.059182889123289,0.0,1,28.131603789522416,2.740185673223373,0.0,1,24.916928412305367,0.0,0.0,1,81.05994775617735,0.0,0.0,0,25.425609468923085,3.1127220129759023,59.99875735332531,1,PublicTransit
266,2.1530499561775014,7.256420738322813,0.6969677682392103,154.03537339798137,1,9.761409142572298,0.3064714821706645,77.01768669899069,1,12.390106349364586,6.901115245368922,0.0,1,22.562182197325132,2.5766931404039353,0.0,1,14.536687325438441,0.0,0.0,1,45.12574441232881,0.0,0.0,1,24.711946080711268,2.9763321383803625,34.61814731950747,1,Bike
267,7.827931166794802,20.224116304274986,2.4954435569962654,130.75278450412947,1,23.844004601970937,0.8505788670913174,65.37639225206473,1,27.625829641152688,16.742461870997197,0.0,1,46.17787490087083,2.364471692669804,0.0,1,57.311152915404584,0.0,0.0,0,136.10983390459702,0.0,0.0,0,38.28170895806001,3.785966610477675,58.95999797464318,1,Drive
268,3.911570030702566,10.742061758401158,1.3395683612634648,103.00246943055163,1,12.12023906659214,0.46031375841016475,51.501234715275814,1,14.575909712151285,9.233656975610424,0.0,1,27.68852360512006,2.405906671178686,0.0,1,21.48372557525913,0.0,0.0,1,82.102337543056,0.0,0.0,0,23.8498768657553,2.6762311224116884,11.3106350484692,1,PublicTransit
269,8.814422249374218,26.307399391883376,2.3064298460821178,180.5284762870746,1,24.79661070146568,1.0263483881591842,90.2642381435373,1,23.158638083839424,15.602483140942846,0.0,1,49.90887574318263,2.984800982243198,0.0,1,58.68389908807673,0.0,0.0,0,211.96900385287654,0.0,0.0,0,47.94939187460201,3.5250421870018576,1.390944319789923,1,PublicTransit
270,5.457753956738826,17.249902059537682,1.560059353563829,219.84810615631994,1,20.18001156772526,0.7401142544244049,109.92405307815997,1,19.33979452000011,16.1033415943864,0.0,1,36.32835824083838,2.647191500514017,0.0,1,33.382506276037795,0.0,0.0,1,97.39548689885572,0.0,0.0,0,37.639294967272306,3.393024729235287,21.363384520324765,1,Drive
271,12.605562492114789,29.20519815701692,3.9705233703010157,121.0614665280756,1,36.20362770311223,1.4289910828271442,60.5307332640378,1,35.91618867387991,21.48669637633438,0.0,1,47.72089035104422,2.915852442616398,0.0,1,94.83226538776408,0.0,0.0,0,273.46619550142145,0.0,0.0,0,50.260186537619575,3.836168824114408,36.17657384154604,1,Drive
272,2.3545085710139464,7.8680600763331805,0.7544833751509125,163.3264471659931,1,8.819903682156447,0.26470163036103767,81.66322358299655,1,12.971119259948285,7.044046571213989,0.0,1,17.966330215476074,2.7052996004662546,0.0,1,15.130402808721161,0.0,0.0,1,51.958262286258766,0.0,0.0,1,21.78642740511422,2.553773557343849,32.17197416811494,1,Carpool
273,5.956629148760393,15.11025200966417,1.5052463655404147,144.4125406568065,1,19.13087367040021,0.7431240517980173,72.20627032840325,1,16.783520511954322,13.16092640824479,0.0,1,33.15476865945776,2.463545801212894,0.0,1,33.91601155423073,0.0,0.0,1,115.89507305816298,0.0,0.0,0,36.868631832924166,3.3640860884741426,60.53405238592174,1,Carpool
274,6.270913541338262,15.925178604713109,2.1150170619362947,95.19407100411738,1,19.958524345065136,0.6588975600205402,47.59703550205869,1,21.032122469518928,13.080895204787936,0.0,1,38.56211216806783,3.1948857553483454,0.0,1,36.69760017861386,0.0,0.0,0,128.13400104238605,0.0,0.0,0,34.868156825549065,3.655641806973143,17.51662149649321,1,Drive
275,2.5361713637167886,8.488082985935634,0.7638140427027625,112.0966860796675,1,10.690182917923845,0.3485456778974485,56.04834303983375,1,13.090364003273331,7.017586858168721,0.0,1,23.76493078228374,2.860134051712722,0.0,1,17.786780424211305,0.0,0.0,1,63.81591599042474,0.0,0.0,1,23.75086955011645,2.8678632202472887,2.4521859100871657,1,Walk
276,30.0,61.097736819645235,8.877657031297336,150.47033388626153,1,79.79040448319937,3.1438433978768034,75.23516694313076,1,61.070560661176664,56.765651029487046,0.0,1,132.22090773273382,4.069285835844913,0.0,1,193.3680444132438,0.0,0.0,0,619.5373018857154,0.0,0.0,0,104.2520514693512,5.816548814193309,26.41032077818465,1,Drive
277,6.46884360928389,14.513449546520707,2.020939075701513,173.93611651218225,1,16.791500366555265,0.6676877052156526,86.96805825609113,1,21.92467907255527,14.116505981822575,0.0,1,41.878537387468306,3.198097237475321,0.0,1,43.5227602701704,0.0,0.0,0,122.49935410627532,0.0,0.0,0,33.32446900156103,3.6306763814349217,67.87286847621316,1,Drive
278,7.0497739942324555,17.830984009190903,1.7472392859807782,181.64023715628844,1,24.693937732911216,0.918396731693595,90.82011857814422,1,23.444499380216627,16.52525719855023,0.0,1,40.26122116239615,2.650193866987828,0.0,1,43.72565182949544,0.0,0.0,0,146.34168280652094,0.0,0.0,0,41.019497181273486,3.578196099392898,58.70747456079072,1,PublicTransit
279,7.133944054722312,20.55041125872172,2.187457802766518,152.7756761177081,1,19.857547652955546,0.7074612887017373,76.38783805885404,1,27.172397861913787,15.329826824973003,0.0,1,37.094870668350076,2.8276297632036353,0.0,1,39.045247815828944,0.0,0.0,0,136.72404702600926,0.0,0.0,0,27.387356479226142,3.4387923373041596,7.367363405081971,1,PublicTransit
280,2.8411664441153515,8.52097742787533,0.7936299398071974,44.26780400949796,1,13.343702434644632,0.3029058104264985,22.13390200474898,1,12.396709062025096,7.589144800092245,0.0,1,24.65847376852077,2.949179809351767,0.0,1,17.36720279920878,0.0,0.0,1,51.13230237265513,0.0,0.0,1,22.785332462357697,3.2626930058693757,46.782125507164494,1,Bike
281,2.7067535940607015,8.704233727852687,0.7387707740482758,87.23953392742557,1,13.807869309883769,0.30008931525593163,43.619766963712785,1,13.129648228969378,7.095445520195763,0.0,1,21.485934377768807,2.7181100483519756,0.0,1,16.719463752239623,0.0,0.0,1,54.13400681063905,0.0,0.0,1,23.27555161357865,3.013892780918603,58.167932950863545,1,Drive
282,4.2453840018289295,10.803180483662182,1.2649082805642733,203.59293095116735,1,17.72065698033834,0.607033380765436,101.79646547558367,1,16.398527579161538,12.196568570778984,0.0,1,35.68265883219402,2.8518277083228503,0.0,1,25.15255134113458,0.0,0.0,1,90.91255493699062,0.0,0.0,0,30.040950769755224,3.041067067097908,38.76702664087471,1,Drive
283,13.035072169041852,30.50387037079889,3.5405016741188717,188.95102371425938,1,37.20986372182935,1.5591156063453289,94.47551185712969,1,41.1950878490698,27.23106398382666,0.0,1,65.37113009866736,3.2227787909733707,0.0,1,80.94800617301362,0.0,0.0,0,249.42857976606098,0.0,0.0,0,45.12074486868375,4.840965052186737,26.559296017434836,1,Drive
284,3.002297715132754,9.621854269847116,0.8641957747969068,149.6556481770697,1,15.204164975536786,0.3890364842845883,74.82782408853485,1,11.518915391452673,7.582663752647085,0.0,1,20.098802322097942,3.0339963029035406,0.0,1,20.668789155879356,0.0,0.0,1,63.374365235751625,0.0,0.0,0,22.633483807613647,2.9069222593130064,6.654019026642618,1,Drive
285,7.8951573736280745,23.51806464326337,2.287318147437008,104.44321490731792,1,29.291256618590523,1.0239200066117635,52.22160745365896,1,19.93968634407999,18.543048990557523,0.0,1,42.5292442329693,2.8187061877239743,0.0,1,48.98563296370912,0.0,0.0,0,170.28872859075597,0.0,0.0,0,32.00083267305537,3.5001217031110063,65.19895123078454,1,PublicTransit
286,7.848422668020987,19.126512850224387,2.4034117433942335,201.30329433807907,1,20.986077297441213,0.9728769791540848,100.65164716903953,1,24.227309240272692,15.91606573983284,0.0,1,43.171851490710786,2.746272543546916,0.0,1,47.93618711393242,0.0,0.0,0,129.14870517782398,0.0,0.0,0,33.37860110876072,3.6339161081571065,65.50668561449046,1,ParkRide
287,4.390233614197478,12.257215417093814,1.1817403119130632,114.54691802983744,1,19.14484085803595,0.4714092469504107,57.27345901491872,1,17.381709418017344,10.87636909545224,0.0,1,23.370970431107082,2.7011075613679387,0.0,1,28.059191300203036,0.0,0.0,1,89.5224501488546,0.0,0.0,0,27.987049429936427,2.9332202619472603,8.755291605350118,1,PublicTransit
288,7.76768549899422,19.254559131969497,2.464309221532158,202.55647610310314,1,22.823141705981342,0.9714328321233131,101.27823805155157,1,24.876212551135932,19.175459494620927,0.0,1,39.7073386399082,3.1979636159148948,0.0,1,41.403094194333434,0.0,0.0,0,152.7120594078136,0.0,0.0,0,42.10784091978845,3.1183525027529773,32.876011224881445,1,Drive
289,4.17728924403389,11.301605080023114,1.0884737301669023,192.29228745270217,1,16.63942452171909,0.4798227262068119,96.14614372635108,1,17.40567822985174,11.155746521885044,0.0,1,30.36672442102398,2.4242901418579965,0.0,1,31.58459095684131,0.0,0.0,1,90.18414516948548,0.0,0.0,0,28.57949205109097,2.7567395725608748,36.17595945899198,1,PublicTransit
290,6.034923195878021,17.762182365365526,1.8856841348545232,114.69026377553006,1,24.115939334547033,0.7766430481324564,57.34513188776503,1,23.427305295267537,14.037447614198694,0.0,1,41.60635040218901,2.8929537567109582,0.0,1,40.469420102149414,0.0,0.0,0,129.25367213986303,0.0,0.0,0,38.483293493862014,3.8003850289899503,54.76211070686151,1,Carpool
291,7.267876780191044,24.36040155384926,2.2970861871741852,157.18790310982496,1,24.394435790703593,0.9795592663448006,78.59395155491248,1,24.923842127630778,17.32130228059679,0.0,1,48.681075622606656,2.648418429720835,0.0,1,52.84287350029544,0.0,0.0,0,138.50861376322464,0.0,0.0,0,39.47071050518706,2.667043070067001,3.135844148115271,1,PublicTransit
292,13.383413391685284,34.76012308944269,3.79048375967049,202.70541848937287,1,31.878174126174244,1.542055428064469,101.35270924468644,1,37.55435884079452,26.87888144149607,0.0,1,70.82318470100704,3.460162150796986,0.0,1,77.84035890034181,0.0,0.0,0,232.53033574695596,0.0,0.0,0,47.77264009647971,4.403479737803335,8.975472921388693,1,PublicTransit
293,4.912503795021298,16.978588352564426,1.4480173899527458,118.4605599428589,1,18.881627547220923,0.5554199601472218,59.23027997142945,1,18.165956626488942,11.461539168410754,0.0,1,31.8661472432458,2.7243188654694386,0.0,1,30.26354409756355,0.0,0.0,1,84.4063377380587,0.0,0.0,0,29.496056987347597,3.113190298708846,42.635996135188144,1,Bike
294,11.528281367591601,28.472774536599843,3.547197741485342,96.65741437498261,1,34.629323674564084,1.4172778884435542,48.328707187491304,1,27.373030552378548,21.763411725545872,0.0,1,54.01260098894184,3.240694759420074,0.0,1,65.82510737193935,0.0,0.0,0,254.88477435914993,0.0,0.0,0,53.672335532389425,3.4370456672746603,17.09202726712967,1,Drive
295,3.161252651588452,9.010582464620768,0.7978667382179054,74.06991060129931,1,12.61574423969584,0.4103371336484036,37.034955300649656,1,13.990131976529002,8.453921535074404,0.0,1,29.03162361443808,2.438253625183671,0.0,1,22.71566054711633,0.0,0.0,1,67.77737757369886,0.0,0.0,0,22.736056051265532,2.9609211052422078,24.3424323737452,1,Carpool
296,11.140053919916156,26.803246821864157,3.764844066796881,190.11608498538448,1,34.9458279847489,1.2590210860100852,95.05804249269224,1,30.292326664267428,22.339939396866217,0.0,1,58.09324248993065,3.249481319362803,0.0,1,72.71892200422845,0.0,0.0,0,251.33171562352456,0.0,0.0,0,42.070250230137354,3.9269169454465827,69.25045639635442,1,Drive
297,4.12025229847443,12.948638936364475,1.0877514006436917,121.3878660146724,1,16.933193108908046,0.4732390589774778,60.6939330073362,1,14.712810281953974,10.353175478896024,0.0,1,27.84772246057031,3.012634014070553,0.0,1,27.31235589955898,0.0,0.0,1,92.37180853147653,0.0,0.0,0,24.815171033108026,2.6869352963004074,30.39415177389482,1,Carpool
298,2.5184953559374517,8.276842742610091,0.7972010854375009,105.88419019716268,1,12.80290849045009,0.2994988083986508,52.94209509858134,1,11.762786087588927,6.790548186754443,0.0,1,20.550071578165355,2.6636637812922372,0.0,1,15.549050943320152,0.0,0.0,1,50.46281268636077,0.0,0.0,1,21.957078746302614,2.961927278453999,25.005683692903165,1,Walk
299,7.25819377165522,17.50325151340259,2.3322899372010517,117.81919559912944,1,24.330883100232853,0.8823322099564381,58.90959779956472,1,20.304385256576616,17.96399885581406,0.0,1,48.91882745265274,2.5735261325282544,0.0,1,39.22301897236141,0.0,0.0,0,144.53190790962265,0.0,0.0,0,39.617090405494714,3.439202837074197,56.139247976439876,1,Drive
300,6.499093240967708,16.84333064470716,1.8692114680567553,87.33802791982016,1,20.37022203243135,0.7801426594212665,43.66901395991008,1,21.5391910611778,20.173806917720835,0.0,1,40.56404852059347,2.458758391001735,0.0,1,43.05495937509155,0.0,0.0,0,145.65847111172016,0.0,0.0,0,34.48690744368461,3.3213405444333475,60.04247609122523,1,Carpool
301,6.0698798858342204,18.31752045106672,1.8289780567800842,181.8357809598719,1,24.72083707992078,0.7463306371649987,90.91789047993595,1,21.929688369721944,12.903658913075576,0.0,1,38.776008064459575,3.5856846988865323,0.0,1,46.23621577545786,0.0,0.0,0,119.27152236509016,0.0,0.0,0,31.129044711941813,3.4536755761425493,62.43545582627324,1,Drive
302,9.017454413996944,23.710407735045607,2.812940206761824,120.81559077065052,1,24.176913117706373,1.2469334269442536,60.40779538532526,1,26.074534086851212,23.218249805197143,0.0,1,48.04259474163905,2.6993987992347863,0.0,1,56.50363799737433,0.0,0.0,0,182.62567101314593,0.0,0.0,0,45.1445862943715,4.277524778154684,33.40132529337331,1,Drive
303,4.8982752590798,13.924976465327497,1.2874043951714242,197.42916169172517,1,17.342031896168514,0.5616034229594464,98.71458084586259,1,16.738293622505818,9.949119982263364,0.0,1,31.965284660372763,2.3054136069108,0.0,1,31.695482560740615,0.0,0.0,1,106.01171989436264,0.0,0.0,0,31.150521626151477,2.879530961246836,1.2418683270268216,1,TNC
304,1.7781877693251407,7.061772141472588,0.5150974070113227,45.16214649522517,1,9.765550027983352,0.19382861985783728,22.581073247612586,1,10.734386793579153,5.089794151151649,0.0,1,19.053823993763988,2.7265669307257583,0.0,1,11.886773193259,0.0,0.0,1,30.57625120602976,0.0,0.0,1,21.656094487220965,2.407844029882015,4.534640806936256,1,Bike
305,5.047208893170788,13.193586338143628,1.4778642465473626,198.85467810695204,1,16.421815158007227,0.7041334413588882,99.42733905347602,1,17.402000166839827,11.401110978915323,0.0,1,34.54453699090549,2.5691574683891805,0.0,1,26.953523535519235,0.0,0.0,1,108.62650154060717,0.0,0.0,0,30.10460556337334,3.447326697922111,35.54026597911517,1,Drive
306,3.842014809147001,12.262835680513769,1.027613703667539,152.94331663720772,1,15.717019242831412,0.608828118981089,76.47165831860386,1,16.037453797854134,9.064063988413356,0.0,1,28.712865448092263,2.7934932276280873,0.0,1,24.68001845200147,0.0,0.0,1,85.7723004872797,0.0,0.0,0,26.87489328409097,2.7483524956002428,48.12980870131349,1,PublicTransit
307,6.9096235909082235,16.574594205433332,2.2025552991736093,215.87865759379832,1,23.22844893094497,0.7254322777803698,107.93932879689916,1,20.223144410314475,15.76544378659372,0.0,1,42.347417520392234,2.647053791729528,0.0,1,53.309762546739464,0.0,0.0,0,144.3458066498179,0.0,0.0,0,40.18927543144939,3.5767137288878024,37.00521777739576,1,PublicTransit
308,3.315282254412965,11.375836761980871,0.8753117863545309,144.86391606657176,1,13.760383569398702,0.36713655923842853,72.43195803328588,1,11.7090181734948,8.000119482053604,0.0,1,27.193951068270383,2.292936766411333,0.0,1,23.87499063225035,0.0,0.0,1,71.7104876123868,0.0,0.0,0,25.096574418348276,3.7576203825979126,61.43145966198797,1,PublicTransit
309,4.300858346388968,11.024188108936173,1.1179203099316792,145.58715756641695,1,14.57581737625998,0.5887558629564905,72.79357878320847,1,14.35093626638777,11.749089582658584,0.0,1,33.65840188601689,2.820831661264294,0.0,1,28.650012579826402,0.0,0.0,1,81.11418817047084,0.0,0.0,0,27.297640376511605,3.2975112112544727,35.20833971088752,1,Carpool
310,1.6146301543922206,6.383718492783252,0.5240664395467675,53.345618072798295,1,9.04213794727912,0.22110364902771662,26.672809036399148,1,11.84824369450441,5.3648375906034795,0.0,1,17.44009567935676,3.463486604697553,0.0,1,11.163214606121942,0.0,0.0,1,29.799290971826796,0.0,0.0,1,18.193996412066287,3.084293064533751,11.3067844043653,1,Drive
311,2.074425720794704,6.490727543555053,0.5842474053862474,179.26004053179184,1,12.26710145421235,0.24602710813739018,89.63002026589592,1,11.741833715134495,6.3940564310269234,0.0,1,16.65138866577745,2.661098550031063,0.0,1,14.981865753552603,0.0,0.0,1,39.3401956801445,0.0,0.0,1,23.193042544403223,2.8010571548084227,68.4399301849476,1,PublicTransit
312,5.411409751662504,17.53231598126424,1.7566301813613239,209.00244538140666,1,20.874679888884668,0.6629713082397473,104.50122269070333,1,17.01486242296049,11.121663231419394,0.0,1,29.787425501940596,2.31675146964067,0.0,1,35.59513602451386,0.0,0.0,1,99.70067277497716,0.0,0.0,0,29.27510837004002,3.6003181343839477,64.06856711928495,1,TNC
313,1.9121015925982217,6.718966562395711,0.6411549515340028,136.9603177324,1,9.478978921101124,0.23816547326617582,68.4801588662,1,11.076413142973044,5.8199985399751455,0.0,1,20.16042948574931,2.0629408272060927,0.0,1,13.274807065771723,0.0,0.0,1,44.485439606994554,0.0,0.0,1,23.112898499352458,2.3197585779304277,2.4215322270815,1,PublicTransit
314,9.390837781602553,18.949033215981636,2.6794744216869613,211.4971036944773,1,27.13392891807514,1.1300324481003894,105.74855184723864,1,28.622214986341195,18.181121470368325,0.0,1,51.21106371208901,2.960619592335267,0.0,1,68.45062646068747,0.0,0.0,0,193.20487225041,0.0,0.0,0,36.36182982177636,3.5394554073144056,53.01653439104381,1,TNC
315,6.653710145863491,13.810265404060816,1.7945773824615932,71.74648815422373,1,21.08967244033441,0.7901138661904437,35.87324407711186,1,17.58792487625075,13.150327177292912,0.0,1,36.093556748957184,2.678278233960355,0.0,1,46.08660978373587,0.0,0.0,0,161.164265293396,0.0,0.0,0,33.77048597217208,3.4025862482529905,37.768098165362524,1,PublicTransit
316,7.185064146882892,19.82653843983524,2.180073072502026,201.6733056582346,1,31.703653455794004,0.8181899451429125,100.8366528291173,1,23.24051132931885,14.121509730340785,0.0,1,41.04555497603402,2.8184429272564433,0.0,1,46.22582805288784,0.0,0.0,0,144.53909137560228,0.0,0.0,0,42.57804137126422,3.2079216311829337,63.01962924928324,1,TNC
317,6.861322970946574,20.84703127895797,1.9454751938205832,172.05184726348705,1,24.11088291565232,0.8927784280137698,86.02592363174352,1,22.354594517070296,15.23283230060415,0.0,1,37.61891299208225,3.1157449380897537,0.0,1,35.93441435318048,0.0,0.0,0,127.70424555513848,0.0,0.0,0,47.18248133858627,3.3107213522638728,48.4632625181613,1,Drive
318,4.303692470794395,11.103500951502125,1.1938353892850049,199.889577961412,1,16.36971438324733,0.5248830884300224,99.944788980706,1,15.075739226018298,9.517974294815351,0.0,1,31.478914960563056,3.310924103692241,0.0,1,24.133767620011795,0.0,0.0,1,91.57963914492834,0.0,0.0,0,26.266770587401595,2.9846710757566446,19.741832460173146,1,Carpool
319,8.69359071305475,20.52737840000397,2.6089561807524846,186.0544455429217,1,27.458267822098932,1.0381764394249653,93.02722277146086,1,28.931111636827293,15.27952414789346,0.0,1,48.597414772089905,2.91812554896585,0.0,1,46.784359213371324,0.0,0.0,0,190.81449074703215,0.0,0.0,0,41.635456701602166,3.261969374295069,15.97008858791846,1,Drive
320,9.94579298481776,24.918676110866535,3.097238075838951,188.3647424627979,1,33.54610246538895,1.289446228862081,94.18237123139895,1,36.885076857243305,25.46534273435137,0.0,1,46.5830138367166,3.319663970069216,0.0,1,70.68599092683309,0.0,0.0,0,191.14245597864954,0.0,0.0,0,40.98594119904677,4.334769802120351,17.11992848927175,1,PublicTransit
321,2.0694963423232164,8.099141204057783,0.52480968187157,131.9878014475152,1,9.884001480050596,0.3008528125708985,65.9939007237576,1,11.9746502508784,5.751027811188197,0.0,1,19.572356646156738,2.9173036574898203,0.0,1,11.976482716436346,0.0,0.0,1,43.81593506581818,0.0,0.0,1,17.871491345241115,2.538200563089068,68.23248850252706,1,Drive
322,4.396018654768191,13.574391907894663,1.325929363339017,73.79873609521545,1,14.78096433702447,0.5457900025397374,36.89936804760772,1,16.195068053894122,13.077156950058962,0.0,1,28.66530560558651,2.229152476654636,0.0,1,28.52144279803814,0.0,0.0,1,80.34860056301527,0.0,0.0,0,26.329533367095138,3.0847639941364906,4.984358220480388,1,Drive
323,2.107007415245382,7.587456145284721,0.6572747875230132,116.06709449343869,1,10.499994141294081,0.2677103760853264,58.033547246719344,1,11.076133060632337,5.723961782236455,0.0,1,21.51473348214411,2.788249330160869,0.0,1,15.004426159207885,0.0,0.0,1,39.932138463603366,0.0,0.0,1,18.476564523854588,2.973068857582741,41.29098956474128,1,Walk
324,3.151954952554307,9.900051704694608,1.0065917988023618,167.27602149628575,1,12.573150851251048,0.41722595404842205,83.63801074814288,1,15.003220162517694,9.180788095738833,0.0,1,24.082828195084375,2.656350823146804,0.0,1,23.21486566927213,0.0,0.0,1,65.38153713298172,0.0,0.0,0,27.13008366535567,3.182825125981792,59.395963658377184,1,PublicTransit
325,10.20335079436989,26.34980423512855,2.3187683946785036,172.04469031947966,1,28.3210454463008,1.2141029250925293,86.02234515973983,1,29.618493036906504,21.353160598126088,0.0,1,52.24570132450357,3.1216301777242554,0.0,1,62.86324825995729,0.0,0.0,0,169.1506816685566,0.0,0.0,0,49.513710718175446,3.335585873213364,57.906473615873686,1,ParkRide
326,3.7429817312662776,9.360953981654047,1.229550908416832,53.36685725174928,1,15.013511763054645,0.4584491044432501,26.68342862587464,1,14.642103691888291,10.014570498231945,0.0,1,22.247706950450368,3.0431650474832166,0.0,1,24.32409993811117,0.0,0.0,1,81.2220298779657,0.0,0.0,0,27.39235103729556,3.6417271969723153,16.279830708906285,1,Carpool
327,3.4286473604263423,12.260302899723545,0.9621051977085033,66.41417442532047,1,13.450076353888484,0.3958863789419214,33.207087212660234,1,12.472163006875752,9.77995124029812,0.0,1,27.647593599610975,2.783530620751515,0.0,1,25.330246374797685,0.0,0.0,1,72.44578121838185,0.0,0.0,0,23.707683089358746,3.0863244776747543,17.26368764133375,1,Carpool
328,7.879804745654048,22.169645245073223,2.848114233499126,183.7602216150322,1,25.55946153854294,1.0086742034459208,91.8801108075161,1,26.55301417205594,16.171891483826304,0.0,1,47.46390290872781,2.860840546571398,0.0,1,52.57161362814511,0.0,0.0,0,153.8161008787593,0.0,0.0,0,40.30935842120852,3.4252886993592315,22.66981420940565,1,PublicTransit
329,11.437294772290114,29.191168755583988,3.9597212860668685,207.32313149887602,1,38.20584654636578,1.37823104002789,103.66156574943801,1,30.442281494540985,26.929264303798366,0.0,1,52.8880485438303,3.0489723397637314,0.0,1,64.31976907480735,0.0,0.0,0,280.4945742990735,0.0,0.0,0,47.97861104639947,4.137086338061303,47.26619817135914,1,Drive
330,3.417040205498061,8.946505316533838,0.9478592844099636,185.39586726500687,1,13.349731932966959,0.3759979830261146,92.69793363250344,1,16.579894172867533,9.795500242102136,0.0,1,26.54538042048648,2.9007483418278426,0.0,1,20.06789569619557,0.0,0.0,1,57.61990522713967,0.0,0.0,0,21.874943989271507,2.7787379603974203,53.67646081432394,1,PublicTransit
331,2.203356456003954,9.433584839660812,0.6604980971288933,159.13430572663032,1,10.549839287310519,0.3117601673582483,79.56715286331516,1,11.12180527253188,6.191979921279624,0.0,1,21.71779247361307,2.4520594147887023,0.0,1,13.092574503218781,0.0,0.0,1,48.13111336861406,0.0,0.0,1,28.18847264595983,2.586427995428569,38.917286434604804,1,PublicTransit
332,2.355256401942048,8.951673497664158,0.7846526683230748,52.45414058832212,1,13.589904003773434,0.3138614984323608,26.22707029416106,1,10.880136685775717,7.064319781935574,0.0,1,19.740417129987044,2.7363685299680682,0.0,1,16.21852140001167,0.0,0.0,1,45.470985848968226,0.0,0.0,1,24.293751429912337,2.982191378755952,15.735760320962214,1,Drive
333,1.7192318389991015,7.5872395674662085,0.5107285148076541,113.46602783057392,1,9.68115075917649,0.20136282374427839,56.73301391528696,1,11.22170675199768,5.550976844591569,0.0,1,20.672540671793396,2.9374223462411213,0.0,1,14.280873392880805,0.0,0.0,1,35.891028059829765,0.0,0.0,1,20.585320679046326,2.89466025673066,34.14471427582933,1,TNC
334,3.3019124141643954,10.00335416409628,1.074856962325699,110.62896249205541,1,14.147463254841217,0.37339056495805456,55.314481246027704,1,12.178565567497047,10.021765081598335,0.0,1,25.666934252842573,2.5199659995307315,0.0,1,19.75421659915434,0.0,0.0,1,74.34070861462327,0.0,0.0,0,24.32076662217357,3.107187423232581,58.266377679712825,1,Carpool
335,3.289875234178957,9.399124164343636,0.8343677200623925,219.41334329646958,1,14.210565286569643,0.3904021607687313,109.70667164823479,1,12.113320357573523,9.698505578294228,0.0,1,24.88344043427988,2.845458701791761,0.0,1,23.528531574492444,0.0,0.0,1,60.975140586876165,0.0,0.0,0,30.153163388196727,2.449523186127508,10.48833370063935,1,PublicTransit
336,1.4733557639079142,6.315996201727228,0.45895872206232613,158.4490860011586,1,8.071804732081988,0.2003246192405094,79.2245430005793,1,10.518981161854514,5.611138086790605,0.0,1,16.905675694546716,2.7557329554597767,0.0,1,11.240041918653642,0.0,0.0,1,29.18837649368838,0.0,0.0,1,16.35550466469409,2.450348472549785,30.64185028676173,1,Walk
337,2.962840858570653,10.803956668239481,0.9566042355706479,219.95512248085902,1,13.837189107292886,0.35524097117970266,109.97756124042951,1,13.277164502417971,8.54336109250224,0.0,1,24.71586063834066,2.6414948552736766,0.0,1,18.697939010739766,0.0,0.0,1,66.91917398663554,0.0,0.0,1,25.31850617597991,2.8807459745171613,69.28675171130844,1,Bike
338,2.750842309570714,9.848349776341951,0.8663683661502078,207.872636417747,1,12.014186508393388,0.3384579244377861,103.9363182088735,1,13.95007461228551,7.78066598147218,0.0,1,20.994392079485852,3.320850296589449,0.0,1,20.470532862371318,0.0,0.0,1,57.89574807317665,0.0,0.0,1,19.861353137872438,2.7132440839074694,66.85738524937551,1,Bike
339,6.905721252418326,16.652322615637086,2.2125925375632285,61.785793254215385,1,27.005171575194925,0.9486030413330692,30.892896627107692,1,24.203060502206824,13.082041283028207,0.0,1,40.448593099917254,2.5236813694104896,0.0,1,38.11332405184829,0.0,0.0,0,151.01394092282538,0.0,0.0,0,41.13449268008947,3.6048922782847583,38.331380013483944,1,Carpool
340,4.050150268089554,11.429039749691935,1.1431850399786272,97.31885168978286,1,14.558621656955319,0.5502907038868392,48.65942584489143,1,15.857908320235877,10.157596496586494,0.0,1,30.1602584510174,2.4717841684229325,0.0,1,27.439897832197435,0.0,0.0,1,84.22802691836277,0.0,0.0,0,24.226661682975145,2.5880597940787973,23.993389408069895,1,ParkRide
341,3.7164324387286216,11.019077184857407,1.0080409767869358,188.12880629833995,1,13.174574574017122,0.4612988944760692,94.06440314916998,1,14.006062386736685,6.9246089645174145,0.0,1,24.19394689350254,2.6778640802978897,0.0,1,25.12839012406854,0.0,0.0,1,75.66983639545695,0.0,0.0,0,30.511839713249785,2.6929119954451,38.512369393160206,1,PublicTransit
342,6.061037801815654,14.419454352059534,1.489489232866086,171.98902706100404,1,18.163143847016116,0.7126941684850389,85.99451353050202,1,20.548405070277227,13.468470961128755,0.0,1,40.35086543885106,2.8396103165838618,0.0,1,41.85230993683121,0.0,0.0,0,118.35302010700386,0.0,0.0,0,35.30745625768314,3.424996963325655,40.54847670010989,1,Drive
343,4.272639396488728,12.687762084753295,1.208704037635963,192.32572469060634,1,15.260976221157819,0.49188594751612835,96.16286234530317,1,16.922195268836504,11.09875805306996,0.0,1,30.489213005855873,2.716087414369923,0.0,1,25.087595409336544,0.0,0.0,1,90.01407214898593,0.0,0.0,0,27.147398074412546,3.5150806813287465,52.41488971146284,1,Drive
344,3.9510133329001054,9.785460311392404,1.1031136527922174,180.4502263581016,1,13.324130716542427,0.44609377643452863,90.2251131790508,1,15.77480526942861,9.674564739199727,0.0,1,27.450242307747907,3.04016991540452,0.0,1,25.74218994179664,0.0,0.0,1,84.11224441256982,0.0,0.0,0,25.268453991102678,2.857363478775768,20.41521181392754,1,Drive
345,4.976912648698316,11.48577721026277,1.444399236817955,50.34149524039681,1,14.972119107060678,0.5624397971918627,25.170747620198405,1,21.415855219933174,10.674191453284328,0.0,1,28.406750496244584,2.5666315753710394,0.0,1,34.42514691174779,0.0,0.0,1,98.09919511647361,0.0,0.0,0,30.57782076403605,3.1237623857094774,47.44284997620549,1,Drive
346,3.7653878623381294,9.892511893074081,1.1084212244746567,112.18908442037898,1,15.843480945381097,0.45484602189739265,56.09454221018949,1,14.00475263225694,10.101606211798142,0.0,1,24.162477998562927,2.618781246330358,0.0,1,20.059912008472168,0.0,0.0,1,67.82754399016252,0.0,0.0,0,25.019540894272694,3.176517849303231,59.05042456988542,1,Carpool
347,3.626785846916508,10.441518462182747,1.0836114025979273,166.30197746980272,1,16.183879398868168,0.38382249769009663,83.15098873490136,1,14.496554282588807,8.244861016509782,0.0,1,27.63993523033236,2.510971772637979,0.0,1,18.934873874687057,0.0,0.0,1,82.4681343028389,0.0,0.0,0,23.092187227826226,2.5846418715191097,48.24263181900144,1,TNC
348,3.147692980796417,8.743014842504214,0.912009639529833,101.03849991998737,1,15.307787809993421,0.3340574028061104,50.51924995999369,1,13.453658375251539,7.7781547648871765,0.0,1,22.580199272104483,3.16567436960646,0.0,1,19.19912753117924,0.0,0.0,1,59.697607970597154,0.0,0.0,0,22.26088046325904,3.023794738925552,21.219975557250272,1,Carpool
349,2.3437314047557143,8.568129418334221,0.616552347756826,80.94718817151372,1,10.743289197760918,0.35382307499292603,40.47359408575686,1,12.966721034346667,6.606591147578375,0.0,1,19.538350219868587,2.4151993327078296,0.0,1,18.149145873506075,0.0,0.0,1,52.66503253089112,0.0,0.0,1,23.531583317960873,2.511590753015054,38.820580598847556,1,Carpool
350,10.080331250821457,26.50249206466749,3.037032357924122,77.82451925684012,1,28.868174283005143,1.2214180651118034,38.91225962842006,1,28.33696012346441,21.568203248738737,0.0,1,57.6714885401486,2.8102357496921484,0.0,1,44.914453028765905,0.0,0.0,0,188.03121437047687,0.0,0.0,0,38.89970868961078,4.021403528209006,31.851692033702815,1,Carpool
351,1.4159612003097428,6.002120027067902,0.4467910528664585,213.20717782814023,1,10.24075943124103,0.1414484399347825,106.60358891407012,1,9.481916260169935,6.982676664996895,0.0,1,20.454757446915252,3.3221491647184864,0.0,1,9.688455836839074,0.0,0.0,1,26.2726649087996,0.0,0.0,1,19.067312467129845,3.3500782794934216,54.0013467477213,1,TNC
352,6.646278247663504,16.04280330999326,1.8837726672393629,94.39139803886472,1,19.699800731073505,0.7952403354137252,47.19569901943236,1,24.444397444315367,16.958632193799772,0.0,1,38.37547054182782,3.09057564853042,0.0,1,43.48355996224761,0.0,0.0,0,132.23615809098473,0.0,0.0,0,34.380179623632365,3.412168874531463,20.012083907927078,1,Carpool
353,2.521580359161884,7.925551600764937,0.7825733479710677,210.16956924580984,1,11.364205688723251,0.28843110314730414,105.08478462290492,1,12.355015854676784,6.2765830515940495,0.0,1,22.180517288219285,2.327213988283656,0.0,1,17.08710997102056,0.0,0.0,1,57.24570558483403,0.0,0.0,1,24.402507051130453,2.896336700896832,23.107372031310735,1,ParkRide
354,3.784757513990055,12.748283788104228,1.1121357403063143,137.8508688558793,1,11.938533109955584,0.3995426792645566,68.92543442793965,1,16.869252981933226,10.152064403947119,0.0,1,28.191221827493987,2.593162849729774,0.0,1,23.183534837177383,0.0,0.0,1,74.70862639410826,0.0,0.0,0,27.49871098684134,3.1425981509524226,62.87173520690454,1,Carpool
355,4.662302780770275,14.142524740747744,1.4179430333988146,191.29766486376755,1,14.342115411151198,0.5090585638498,95.64883243188378,1,15.001588302635128,11.583741768223547,0.0,1,32.606900116186424,3.254916108382611,0.0,1,25.377319764292302,0.0,0.0,1,85.96559709453435,0.0,0.0,0,27.91390900615906,3.25750466089615,67.64967517137414,1,PublicTransit
356,11.172179142050474,28.041610016447237,3.12826536803434,198.32805039094174,1,35.637098683734834,1.3183417127815136,99.16402519547087,1,28.48779169249791,23.798763864545737,0.0,1,49.69017355081525,2.9946973270095394,0.0,1,70.92404483799662,0.0,0.0,0,218.47975781528515,0.0,0.0,0,47.59527687247429,4.490289944501069,13.884988958423337,1,PublicTransit
357,9.35809122638297,24.72274456021981,3.248192417247717,52.68214840423655,1,26.316396108605325,1.1081257238425875,26.341074202118275,1,27.78849204145372,18.439577487776216,0.0,1,43.73473259103508,3.013758612280754,0.0,1,53.976094033797516,0.0,0.0,0,198.6416361955002,0.0,0.0,0,41.40204376526209,3.30328009391949,31.5914780382664,1,Drive
358,4.045815910951316,11.134079496040817,1.404061169232993,150.89376670439998,1,13.932708640634592,0.47886081682149284,75.44688335219999,1,16.045089146806962,9.227246384502648,0.0,1,29.949175594174424,2.9196571423886106,0.0,1,27.86909660653474,0.0,0.0,1,74.62093912847631,0.0,0.0,0,27.366831317174665,2.7588503007332186,58.30955264105312,1,Drive
359,3.0755845707450002,9.193338433537729,0.9812291125772343,128.74616462837028,1,13.214765476971307,0.37003330242354215,64.37308231418514,1,13.551613271547236,8.09449389531395,0.0,1,29.55711807347265,3.273276820018816,0.0,1,22.475490405439242,0.0,0.0,1,58.917905377288434,0.0,0.0,0,24.69996305504046,2.6328222247211124,57.32171484882312,1,Drive
360,7.794771623014334,19.66530839185041,2.1859646041072436,196.59149821177107,1,22.795152615198113,0.9650568180824919,98.29574910588553,1,23.432577628978464,17.0243048780324,0.0,1,39.18144427078336,2.744379026347475,0.0,1,54.247929329302266,0.0,0.0,0,148.56444499750205,0.0,0.0,0,33.83111361089481,3.3236950485636054,62.737160203232094,1,Carpool
361,15.199096685503939,43.209796213734016,4.634415192902693,68.76205136978434,1,46.47247968358391,1.8094288437131085,34.38102568489217,1,37.882422878966544,25.018584919279977,0.0,1,66.73062576460893,3.115489720519888,0.0,1,90.70001978144155,0.0,0.0,0,324.21865530828813,0.0,0.0,0,68.16425087773509,4.3669488639528,46.73336362421345,1,Drive
362,5.2828906189643146,13.52375565082756,1.4521727521954035,102.41312161001774,1,21.801832720454993,0.6544011903066456,51.20656080500887,1,18.367744559605256,13.570473189407581,0.0,1,32.78418732609908,2.584219725023494,0.0,1,38.39782530063453,0.0,0.0,1,97.36423970016055,0.0,0.0,0,25.612039876815263,3.118588928992408,47.782901160254795,1,Drive
363,11.326933264974002,26.66997961795417,3.716548310882795,80.33016982858055,1,29.59897501939747,1.2692842268823703,40.165084914290276,1,29.31447741348002,24.719621927896213,0.0,1,57.07068578073315,2.9118242005503867,0.0,1,83.67273930121262,0.0,0.0,0,213.34230464149167,0.0,0.0,0,54.306965925585494,3.6719737264217827,25.348859390870892,1,Drive
364,5.152237112813047,15.412926472205344,1.706246371880647,120.87582182303424,1,19.354505950306223,0.629428816884785,60.43791091151712,1,17.964323687830152,10.971143421717908,0.0,1,30.559600613413497,2.887544387662049,0.0,1,33.27819474112367,0.0,0.0,1,104.98139942637115,0.0,0.0,0,25.758712381669653,2.7006804510328744,3.621592319439407,1,Drive
365,3.8367464482645435,10.64422972450952,1.1510069536787273,214.91519984966496,1,17.673205770052153,0.46756651169193664,107.45759992483248,1,15.650673180700625,8.08038208703292,0.0,1,23.262462422076663,2.454846167105373,0.0,1,30.532546436370716,0.0,0.0,1,85.48535591713332,0.0,0.0,0,24.596685427614602,3.685228067480645,49.33043865215932,1,Carpool
366,9.782934965114585,24.606357068378482,2.430806614630521,193.2296013938772,1,30.78228460252143,1.115613484163446,96.6148006969386,1,26.911839912616006,18.43885713927937,0.0,1,45.446285100913116,2.857887942130705,0.0,1,48.662376703993935,0.0,0.0,0,173.84273204554805,0.0,0.0,0,54.11089286803329,3.862728313015739,65.78986189071986,1,PublicTransit
367,8.187814184777162,19.04103775085074,2.585573828745055,128.82094657775326,1,22.950573593420273,1.0520776909854643,64.41047328887663,1,23.868014186900513,17.97390766643058,0.0,1,49.595046159416924,3.016048931102919,0.0,1,52.55184535952062,0.0,0.0,0,169.0235596278647,0.0,0.0,0,43.774032100271356,3.7164337748004095,64.13881829213602,1,Drive
368,5.1324636052523624,15.153658934257221,1.5446635326146685,48.22929596057648,1,20.625799275131122,0.7224315221244735,24.11464798028824,1,14.347451216323199,15.125924724106193,0.0,1,34.933456166537376,3.0115990024639947,0.0,1,34.06578116460215,0.0,0.0,1,113.1226298970553,0.0,0.0,0,32.12601931985459,3.173914128539143,67.05311214921063,1,Drive
369,1.8400778925500383,7.840086583559273,0.6378358371868632,122.34008174440793,1,10.03931039907756,0.20410786745602236,61.17004087220396,1,10.95847293749206,5.238006754466929,0.0,1,21.691562998115412,2.6699723635509174,0.0,1,10.630819183855456,0.0,0.0,1,39.50751584397584,0.0,0.0,1,18.016222651056545,2.906984730021234,2.498559775088256,1,ParkRide
370,7.229096403647835,18.069325956956227,1.9024367508619067,106.93927647571859,1,22.488863479474045,0.8451619907210972,53.46963823785929,1,22.007813216097365,15.135532822469608,0.0,1,49.734905876010636,3.064069231512432,0.0,1,43.431653746294025,0.0,0.0,0,136.15029589973355,0.0,0.0,0,31.729743670906178,3.248574283464788,15.899896265004699,1,Drive
371,3.5159938855359805,11.042713467914403,1.0036489117910774,199.63809190046132,1,13.61694161584184,0.4020141403104098,99.81904595023066,1,14.36417697165358,7.664666540382908,0.0,1,24.578305059955046,2.466502827623098,0.0,1,23.383587990508836,0.0,0.0,1,71.82313666910284,0.0,0.0,0,24.80121612475343,2.970431453428873,34.53554752941254,1,Drive
372,9.51679460412176,23.523707507434516,2.903518931648489,118.2600706471349,1,26.401813925187856,1.1450027717903977,59.13003532356745,1,24.30581058999175,23.91758054278784,0.0,1,46.45622880929166,3.0062861638988267,0.0,1,65.18258000793526,0.0,0.0,0,189.2662419893582,0.0,0.0,0,43.25158418864886,3.4337766811798853,6.012504841165605,1,ParkRide
373,3.4303336054136904,10.01678005060309,0.9601825246139483,55.41953239738327,1,12.5477371742126,0.4406879027224015,27.709766198691636,1,16.784837839351063,7.732704774702116,0.0,1,24.59370106523792,2.4205601682755016,0.0,1,23.835658304953768,0.0,0.0,1,73.42366272298636,0.0,0.0,0,25.689426542982467,2.445264266097438,40.36120207698305,1,Drive
374,8.607864235741685,21.046194085665125,2.3118035604981855,183.22421843376094,1,31.41300883294381,1.0028588712759818,91.61210921688047,1,24.72971842926372,18.43204154852939,0.0,1,44.29123185430566,2.4415802882614446,0.0,1,60.110101490519405,0.0,0.0,0,197.0756955367319,0.0,0.0,0,35.273248387811655,3.519931006251937,45.74377798285345,1,PublicTransit
375,3.1741382232973754,9.351822425018126,0.8560483158307781,197.51340485498432,1,15.239620304632174,0.3367227939648568,98.75670242749216,1,15.478015660704957,9.0137620263914,0.0,1,24.117643376596888,2.2198052379536213,0.0,1,23.099338443949787,0.0,0.0,1,79.05898073579647,0.0,0.0,0,22.93249175772267,2.893348669129941,38.65124458914363,1,TNC
376,1.5995314125954594,5.558253737439769,0.5602481500822746,70.10213092864969,1,8.984483448180727,0.16421562300499154,35.05106546432484,1,11.369538824331075,5.668551933700264,0.0,1,19.835422507372826,2.1077398809689782,0.0,1,12.90400427884869,0.0,0.0,1,32.224592499762835,0.0,0.0,1,21.50174692399221,2.78184196763655,16.66971573579125,1,Drive
377,6.558323836653478,17.631778652382177,1.5767140455113944,53.21456401521039,1,23.046416468068855,1.0538479417852673,26.607282007605196,1,21.829529018400077,14.670357209241576,0.0,1,39.65855715106981,2.7929677797369483,0.0,1,38.37307010640404,0.0,0.0,0,124.22963206594518,0.0,0.0,0,37.66872035622103,3.619012751810538,62.74180322505326,1,Drive
378,4.700810138495402,11.839354856591752,1.215549940996902,127.99558606786293,1,16.88236354429208,0.566804688690444,63.997793033931465,1,17.44244399006228,9.992110107431841,0.0,1,34.65559885648224,3.306985334174123,0.0,1,32.229379051188815,0.0,0.0,1,106.40684081294712,0.0,0.0,0,30.191243360802748,3.067428534202776,22.92385695852891,1,Drive
379,4.369617467916625,12.309766458070193,1.302068927248835,109.96130606070335,1,13.564918756235599,0.4557589020222727,54.980653030351675,1,14.287980587318726,9.398948874573772,0.0,1,26.57838351253269,2.424340725085765,0.0,1,32.56471450104733,0.0,0.0,1,98.8869147096931,0.0,0.0,0,28.858535701670686,3.065230036669035,3.129315206374299,1,Drive
380,6.658158412362057,16.010950403336196,2.299701792543483,143.78726543289986,1,19.362465138381967,0.6951407186846918,71.89363271644993,1,21.4590049044268,10.937372695004811,0.0,1,37.34165594823812,3.140151747511716,0.0,1,41.7003459726927,0.0,0.0,0,110.43822642080916,0.0,0.0,0,36.03634457084326,3.864579491363166,60.46604370157731,1,Drive
381,5.082544499399845,13.73509846874094,1.5287844370574868,141.73362477489053,1,17.54144774843857,0.5954433405787811,70.86681238744526,1,18.427333942112885,11.562298377666918,0.0,1,30.897039190106376,2.665596884082859,0.0,1,32.834864955948106,0.0,0.0,1,88.39065571238099,0.0,0.0,0,27.92925025592255,2.918826807840811,64.44785874849758,1,PublicTransit
382,11.945220464423349,31.74003759071398,4.1002740049632616,193.2637787969694,1,37.786591950448496,1.2295754378902302,96.6318893984847,1,31.486035384172848,22.425400237853754,0.0,1,58.92902067064911,3.073446854098942,0.0,1,77.83486529923704,0.0,0.0,0,227.06081108710904,0.0,0.0,0,52.288144561540186,3.6634998667787966,44.561553119306275,1,Carpool
383,4.8573197350831165,14.998786649032295,1.5886380429089653,194.04947784813413,1,17.614554931118604,0.6525781604506243,97.02473892406707,1,16.40119809349733,10.677534187582573,0.0,1,29.038993790278916,3.03209376455645,0.0,1,30.45483465444769,0.0,0.0,1,86.81229431507342,0.0,0.0,0,32.16271610846459,3.0849588792186444,64.14633340387103,1,PublicTransit
384,8.25007947651065,23.497624526171577,2.2975788083031086,45.96318575086479,1,25.463514582493186,1.0079842197246587,22.981592875432394,1,23.532781678358845,17.10194892156496,0.0,1,46.526798052807045,2.8732231806254718,0.0,1,54.23870255366585,0.0,0.0,0,171.9339874127669,0.0,0.0,0,45.740619535814226,3.202101854681204,12.038596382517674,1,Carpool
385,10.26316352809492,25.339559140215332,2.7093664775051685,45.9623039127197,1,34.91906672393832,1.3209986728050305,22.98115195635985,1,28.36202768282327,20.58941441274738,0.0,1,59.171896429870884,3.1388628282409066,0.0,1,70.45456004558562,0.0,0.0,0,191.57266808930382,0.0,0.0,0,39.81524689370948,4.166107260948803,17.89783408798609,1,Drive
386,8.214628094585265,22.18086992309225,2.3732613676299965,215.35829481343717,1,26.787724204723286,0.9749335579252607,107.67914740671858,1,23.44757704964055,15.210687558817488,0.0,1,38.27401394206667,3.437710858075435,0.0,1,46.90992305259978,0.0,0.0,0,173.39454218352782,0.0,0.0,0,41.03153571469452,3.7088151759342285,0.1781185353055792,1,PublicTransit
387,1.2725991501449094,5.8429838772624425,0.38691072388862363,196.7726909767953,1,10.053615452306314,0.1621159711572011,98.38634548839765,1,9.78283943925154,5.357763950967372,0.0,1,17.36793073899686,2.790973640402792,0.0,1,11.137820093452149,0.0,0.0,1,26.400607040340507,0.0,0.0,1,21.857228431743884,2.484545641850426,38.297928420170784,1,Drive
388,5.956901256004778,15.582512519844146,1.8756323119789566,195.8583039065785,1,21.336248775433457,0.7809381747145179,97.92915195328925,1,19.05041620217597,14.857567147431785,0.0,1,40.88034585402288,2.795666714775947,0.0,1,36.411057012403624,0.0,0.0,1,112.40091548492755,0.0,0.0,0,32.525268502919204,3.1653180079718646,4.467461254928895,1,Carpool
389,2.5709128653706226,8.816146971182606,0.7153489773709792,50.092018566251085,1,10.572147982704353,0.28888220794750175,25.046009283125542,1,14.012909862404923,7.5508126231149175,0.0,1,15.817448967017121,2.603394657445073,0.0,1,18.841187347233497,0.0,0.0,1,42.73440638453734,0.0,0.0,1,22.236674429908554,3.1202650357669435,37.39252679241568,1,Carpool
390,9.103112350554618,20.338939850359864,3.1998045012511778,119.87152042768945,1,26.69073586342484,1.0243352451076273,59.93576021384472,1,27.217290973196647,16.414817381623898,0.0,1,47.83332409304003,3.3508628298973293,0.0,1,61.120599726228775,0.0,0.0,0,135.4293308038928,0.0,0.0,0,40.3623692859302,3.7449392783828825,25.937648169424175,1,Drive
391,2.7141553547149564,8.67750839169388,0.9171342178687995,51.878995285621116,1,12.82801177756277,0.362278116603756,25.939497642810558,1,14.569905525459298,8.312001630867735,0.0,1,19.49229212509658,2.7286596606404507,0.0,1,18.361754466000377,0.0,0.0,1,62.35836098477857,0.0,0.0,1,19.5432414006977,2.9541191334127124,22.311288664816,1,Drive
392,5.133196615551283,13.312248343112898,1.4121001596805287,191.1031244270688,1,17.932606785370538,0.7234877911961712,95.5515622135344,1,19.92757409472152,13.726179665942075,0.0,1,31.314189312242977,2.5243502685294974,0.0,1,37.62121907686439,0.0,0.0,1,95.93563897361366,0.0,0.0,0,32.65613837308567,3.4107202379823254,34.829724587346085,1,Carpool
393,4.802809271481923,13.542643770471788,1.4088348513231455,155.08746337475847,1,16.208571854731932,0.523591935948492,77.54373168737924,1,16.82472328991928,10.383240845003629,0.0,1,31.40342901905016,2.8438934840039622,0.0,1,29.32109603183922,0.0,0.0,1,96.53600799592782,0.0,0.0,0,24.409357414279263,2.9390362798873535,27.24920745057388,1,Carpool
394,11.898660262417554,30.175240054658268,3.4239176694632385,134.05624546873173,1,30.112935777486555,1.3527307175075527,67.02812273436587,1,30.998260174229852,24.817878186018735,0.0,1,67.40514855427023,2.492245372471949,0.0,1,83.6262770721198,0.0,0.0,0,250.20553152119885,0.0,0.0,0,51.41426822858878,3.9455018267365864,3.2821051802499457,1,Carpool
395,4.961023112354078,12.148192754849138,1.3505227653340637,67.08528355794702,1,18.267751479811423,0.5345547138232796,33.54264177897351,1,18.08065052123142,12.33450615877646,0.0,1,28.002430155468424,2.3275548308979905,0.0,1,26.396081090320767,0.0,0.0,1,103.88785207888745,0.0,0.0,0,24.747158139475594,3.1105793343033126,35.461305130863394,1,Carpool
396,4.228903519294617,11.738860014098826,1.1786746136734512,212.45441570252484,1,14.270236298001958,0.4691007681136088,106.22720785126242,1,18.41182198389872,10.445070715408127,0.0,1,27.866726386919908,2.6469351813074655,0.0,1,25.133372214523874,0.0,0.0,1,84.42416457247022,0.0,0.0,0,29.766271718491,2.7316778459307125,41.67317253624557,1,ParkRide
397,2.5613783796478042,7.661334871558297,0.8695919693098293,213.22199648824392,1,10.382631981958845,0.34761721473513146,106.61099824412196,1,11.579302015915777,7.968149840998762,0.0,1,19.101781716074875,3.1563462918332696,0.0,1,16.562003091575466,0.0,0.0,1,50.14191659701128,0.0,0.0,1,20.881439708375975,3.130932885109042,41.63956091821589,1,Carpool
398,6.026933334009989,14.681354668199967,1.93791906337879,159.1406683407575,1,19.904973706190276,0.7331828348960593,79.57033417037874,1,18.851988540000594,10.766961898769411,0.0,1,34.55442429189874,2.6002929011403313,0.0,1,33.27896849930132,0.0,0.0,0,132.96912701306948,0.0,0.0,0,28.042339392986072,3.6465755747964566,61.96948509375788,1,PublicTransit
399,2.1223236905294183,6.726390366963665,0.7253360170806599,213.22427079766845,1,10.496609842943096,0.24424867339766404,106.61213539883423,1,9.040925237960382,6.800344744461687,0.0,1,22.86659653763606,3.106007162715532,0.0,1,13.18096183700039,0.0,0.0,1,40.867683867536364,0.0,0.0,1,20.65743273946722,2.971622488498811,53.930391757426115,1,TNC
400,1.2595273337382176,6.010459932389811,0.3573947773544007,70.50156728853815,1,8.082588121061315,0.15512488529034127,35.25078364426908,1,9.549464888798315,4.932866857368597,0.0,1,19.985559052296477,2.5209641492789787,0.0,1,9.659776106585268,0.0,0.0,1,22.95704140490551,0.0,0.0,1,17.584241156761607,2.9118014283773332,49.786739699133506,1,Drive
401,6.759636406805827,18.335709762816027,1.7627619476110248,210.43495558847863,1,25.685421532939717,0.8479562698537519,105.21747779423931,1,21.753362588208038,16.71620903504201,0.0,1,39.82911209767339,2.998570321474041,0.0,1,42.76252094869231,0.0,0.0,0,148.4386922766653,0.0,0.0,0,36.272974786738104,3.1061886659037143,0.032172794228341184,1,Carpool
402,2.113733985807056,7.461929078111334,0.5962485254786628,155.59745867517938,1,11.65887493164174,0.20870568950275445,77.79872933758969,1,11.393183279906788,6.382463505126767,0.0,1,21.05556748536711,2.769730277253632,0.0,1,15.473240715702175,0.0,0.0,1,50.01076093097611,0.0,0.0,1,24.156367036624882,3.177122537003219,7.636306172814766,1,Drive
403,2.3359707530762854,9.008655177207812,0.7886887006164982,180.8748857528175,1,11.751244863159592,0.3116968428792582,90.43744287640875,1,12.495797766916425,7.485956577947945,0.0,1,22.45118089865755,2.7143446501710824,0.0,1,17.644235323760917,0.0,0.0,1,40.88053887742102,0.0,0.0,1,26.43581387709047,2.6092746126559403,4.974421834798658,1,Carpool
404,8.453981202029357,21.920537389117356,2.7864056667126276,150.72174705405328,1,27.929573597712082,1.0840725676282832,75.36087352702664,1,21.805660909618215,16.805310535219647,0.0,1,44.79255925309114,2.9928661913525656,0.0,1,54.2953016597034,0.0,0.0,0,170.90151934912618,0.0,0.0,0,34.27359058206558,3.4618668180771475,26.186086452593752,1,Carpool
405,7.297798656218762,14.66870773258445,2.3047681909002438,106.94452598350017,1,25.546276101489067,0.7374134569154291,53.472262991750085,1,24.665772551879744,16.893183194271728,0.0,1,38.74572776950174,2.6552876261396237,0.0,1,47.41572001786105,0.0,0.0,0,143.8343385916702,0.0,0.0,0,46.281770723412826,3.0011443770770363,36.79519851477011,1,Carpool
406,4.7648916428829615,13.258482741889365,1.6164506029448318,67.55339901246782,1,17.179786779665,0.5076732854659438,33.77669950623391,1,17.86819918024809,9.523272271959573,0.0,1,31.40911797888804,2.8163776486120113,0.0,1,31.15083658546537,0.0,0.0,1,83.95006862378717,0.0,0.0,0,31.509179039067376,3.007104813517135,47.743063354967475,1,Drive
407,1.07905867935154,5.579548991374352,0.3314809320565239,82.41802361128222,1,8.314684132059583,0.13692347357158924,41.20901180564111,1,8.323670478729102,3.895676150412915,0.0,1,18.214774991848156,2.8226545919839108,0.0,1,9.689090209957497,0.0,0.0,1,19.465247679997358,0.0,0.0,1,17.21366060183284,2.377598284210479,24.499614421957922,1,Walk
408,7.700834239606529,19.661638815324935,2.449043847309164,87.64793082758649,1,19.099372143408523,0.9194838475868767,43.823965413793246,1,20.858139200532566,13.832486310747656,0.0,1,46.3764886995644,2.2989141355494054,0.0,1,52.294326410167194,0.0,0.0,0,154.40637830157036,0.0,0.0,0,41.077681549770496,3.5616288411718102,56.370215985687125,1,Drive
409,6.580299628522692,16.205352915947444,2.2826486927447402,95.78507115942742,1,19.00027557172371,0.7554400438088321,47.89253557971371,1,17.059836652751716,17.028323394699548,0.0,1,42.18154258310109,2.61201529264373,0.0,1,38.5560926408341,0.0,0.0,0,131.35799968929504,0.0,0.0,0,32.51914343679317,3.3790147072491186,60.60849321585735,1,PublicTransit
410,2.8671493858957082,9.240261551112644,0.8536288580970579,177.4153017650793,1,12.758613661609557,0.3243349502970735,88.70765088253965,1,12.583963713567606,9.385274172280475,0.0,1,20.794755753440846,2.7398277916028064,0.0,1,19.94891018080989,0.0,0.0,1,53.994311483121095,0.0,0.0,1,20.855311573272125,3.376279450085029,27.59703581210749,1,TNC
411,6.10075382522052,17.472508550757286,1.7418585504431787,182.69896387522738,1,21.062779956440817,0.6322344430034851,91.34948193761369,1,17.220363877010783,11.046000522948452,0.0,1,33.06338037649731,3.0552020632289763,0.0,1,38.224123127886166,0.0,0.0,0,127.83869227097678,0.0,0.0,0,30.32317934083682,3.0643135635848218,55.723315031746395,1,Drive
412,16.92394673371998,42.7324530431467,4.942193129006916,100.40709597158846,1,36.07179415561163,2.114018544065581,50.20354798579423,1,38.559039111137004,37.17829320891428,0.0,1,78.43612207979452,3.2116907218439663,0.0,1,131.50153186736878,0.0,0.0,0,280.36545936161133,0.0,0.0,0,61.44338429197175,3.9029117319775097,18.036112245242492,1,Carpool
413,10.553976714344051,26.87589042095499,3.09632243453569,136.40364334308072,1,35.63224676125268,1.4679912783300397,68.20182167154036,1,29.994931821216944,15.750968427880228,0.0,1,51.69006734335524,3.175161300423542,0.0,1,60.34841647398738,0.0,0.0,0,267.95820774946407,0.0,0.0,0,56.12050218892113,3.10319300595385,26.414744877098652,1,Carpool
414,3.9183012538525963,11.028472674234049,1.2144572977737962,184.89489140973842,1,16.726425905072293,0.5726212938228604,92.44744570486921,1,13.377751918533914,9.318332625063503,0.0,1,26.23366670239461,2.886150933534322,0.0,1,26.688433045663785,0.0,0.0,1,77.7152452217835,0.0,0.0,0,27.40192464475284,3.448432712380687,4.259958859860812,1,Drive
415,4.187381413495626,12.109782707100099,1.1889930305648169,209.15296038221766,1,14.99826615598481,0.4774082008648957,104.57648019110883,1,14.867643577641667,9.878571234586104,0.0,1,31.252865070809417,2.704111601236611,0.0,1,26.90631200456963,0.0,0.0,1,100.07272636906637,0.0,0.0,0,28.981865631828757,2.9730542650594947,32.47121233136282,1,ParkRide
416,3.417670480212056,11.101060369043838,1.0175983368423442,99.20119865042368,1,12.002728849018078,0.46619293616750695,49.60059932521184,1,11.737993939217215,8.494659165168468,0.0,1,26.03658134221362,2.896879062412118,0.0,1,29.48936416215582,0.0,0.0,1,62.358468933416724,0.0,0.0,0,23.709722405662824,2.61991301480535,51.73558539875885,1,Carpool
417,11.276933765709215,24.95633713387113,3.592007544187959,98.51320642856285,1,29.85144466214439,1.1642144384644202,49.25660321428143,1,36.53801674007743,18.805628624478665,0.0,1,61.5873617659083,2.7054128247968414,0.0,1,73.5835975178212,0.0,0.0,0,202.4816660467799,0.0,0.0,0,43.320503543618315,3.6643224608843714,9.57714044176242,1,ParkRide
418,5.130428775965147,13.326667334499854,1.3473573412979425,187.9042665313035,1,16.964827841375325,0.584926842395647,93.95213326565175,1,16.68525652257883,11.186339428038197,0.0,1,34.80038299635932,3.1637902021066617,0.0,1,29.81304956896304,0.0,0.0,1,103.78134093603624,0.0,0.0,0,28.89673943431081,2.662512503572754,27.744430160454,1,PublicTransit
419,3.3458905691473633,10.731878199662741,0.8769578338460537,154.3076748789339,1,13.626326785435081,0.4100880403511943,77.15383743946695,1,14.779600450213575,6.904252643731559,0.0,1,30.53251946652564,2.7343752825411216,0.0,1,21.064586687435497,0.0,0.0,1,69.02416207148292,0.0,0.0,0,26.90615296752078,2.886169432521156,30.47469915152737,1,Carpool
420,6.384843455428084,16.209469821783873,1.940034918948863,78.53479940801415,1,20.032187085749708,0.8874451252272894,39.267399704007076,1,24.883132968672186,15.334241767195385,0.0,1,34.486235947675354,3.1135571677012166,0.0,1,36.6391717018161,0.0,0.0,0,136.32600751941055,0.0,0.0,0,37.77705887517846,3.9315592694193824,58.71785190515752,1,Drive
421,5.677744707315854,15.2144223255997,1.6477427307417818,79.72830300270977,1,19.68917142575886,0.6712372736078521,39.86415150135488,1,20.857406635636412,13.673769556418682,0.0,1,37.35698057956328,2.3549478049212698,0.0,1,34.37145607751706,0.0,0.0,1,102.79131315769048,0.0,0.0,0,32.29369072190279,3.3220447674348508,38.62399764213666,1,TNC
422,12.344293158733514,27.321841924898088,4.237445459735684,79.25437553228589,1,34.727183256053124,1.5522076295185003,39.627187766142946,1,35.922337502288656,24.646504220265214,0.0,1,60.3890424996567,2.7844411121472348,0.0,1,75.2352906006702,0.0,0.0,0,255.80946889326705,0.0,0.0,0,49.86014126046467,4.514898599005053,42.063028681115014,1,Drive
423,4.07652595457773,10.063027158243793,1.3182271685305695,107.33323658715246,1,14.6702245878037,0.4511159547073962,53.66661829357623,1,14.507214911341837,9.74402128677674,0.0,1,26.150231012487872,3.214769709022749,0.0,1,25.855705198112236,0.0,0.0,1,78.26546116660697,0.0,0.0,0,30.74112894889011,3.2625097541726844,68.13127239181699,1,Carpool
424,4.837211767224827,11.903146312025584,1.8038375262974182,60.24811728378272,1,17.368548556730207,0.5093987644724105,30.12405864189136,1,15.426610820911739,12.712697272137959,0.0,1,32.09662487843023,2.826090208865964,0.0,1,34.32277769329023,0.0,0.0,1,105.70242426392223,0.0,0.0,0,30.234620654021146,3.6119084878797043,51.43505353465538,1,Drive
425,4.0685342400763975,11.622916987252205,1.3840173009104975,112.7263674671385,1,15.87612255460992,0.5323334342179601,56.36318373356925,1,14.864561805568988,10.108356225400525,0.0,1,29.160455004032997,2.2966199786603534,0.0,1,25.155757866449488,0.0,0.0,1,78.36749276171163,0.0,0.0,0,32.242750577218274,2.9846196296141287,44.7751164486106,1,TNC
426,1.889012475944506,8.390028241070915,0.5641545852697546,49.99719889376812,1,10.137553390169494,0.2056017464596088,24.99859944688406,1,11.624351215958699,6.3101963620562795,0.0,1,21.942700866519964,2.478855838064396,0.0,1,11.676335930318878,0.0,0.0,1,42.69093105382976,0.0,0.0,1,22.374113929428475,2.510098933431171,36.276734046121945,1,TNC
427,1.3650140995405278,5.655534505284392,0.38065512671525537,73.37627965632305,1,9.507594197099099,0.1824687508064816,36.688139828161525,1,10.561497606219003,4.848055071958073,0.0,1,15.10902778613145,2.2537402696114115,0.0,1,10.582638655910753,0.0,0.0,1,27.823777536469304,0.0,0.0,1,22.097575600250433,2.5135343502407217,2.6378297957632,1,Drive
428,6.9163269706496715,17.215251492961997,1.7567665812754376,89.26645518815532,1,24.620468971484637,0.790623421721252,44.63322759407766,1,26.660634702151054,14.620594322142951,0.0,1,35.99931105240369,3.5252383101229596,0.0,1,45.28507118142927,0.0,0.0,0,137.15828226516084,0.0,0.0,0,32.94693633238507,3.4337801961588226,13.330699375633033,1,Drive
429,8.46140796519085,18.17459179627796,2.6234731608834916,67.02766253038095,1,26.544651396294395,0.9806833215464531,33.513831265190476,1,25.241341601469905,18.197284382858964,0.0,1,40.152070325443525,2.67339003096741,0.0,1,44.53712708654799,0.0,0.0,0,171.0444663498821,0.0,0.0,0,41.61793001277232,3.7355022611831066,18.479762387049963,1,Drive
430,14.049972137577244,41.22757048703916,4.527751895406303,212.38217151330286,1,34.45434979355943,1.592931950891651,106.19108575665143,1,33.79452382789806,27.776029939918594,0.0,1,71.84991122321577,2.965808513065305,0.0,1,81.23811182918394,0.0,0.0,0,267.5649977608039,0.0,0.0,0,47.174140015380026,3.681670476548237,50.22298123858533,1,PublicTransit
431,1.858226957743198,7.845761323010971,0.5506146757937769,170.24962096941917,1,9.7306778197182,0.19912715936069497,85.12481048470958,1,10.299724032357789,5.704344205128348,0.0,1,20.563094741395947,2.729340939395467,0.0,1,12.961230968611233,0.0,0.0,1,33.937868210132415,0.0,0.0,1,21.294408109144236,2.667505243139181,36.79409729003225,1,Walk
432,1.9481242528417717,6.629444406600034,0.5074439817896488,116.94584589536449,1,11.122504479967889,0.24569483918373597,58.47292294768224,1,10.960658680973024,6.199978257851148,0.0,1,18.431614238631067,2.1023851348617857,0.0,1,13.927013535340151,0.0,0.0,1,42.01378730583145,0.0,0.0,1,18.93545167248942,2.906546069163551,12.030254601475862,1,TNC
433,2.668705262088093,7.44303808091255,0.7669549291184536,214.54261202255879,1,12.826462382289368,0.3950730644582239,107.27130601127939,1,12.745087786976558,7.643872808718049,0.0,1,23.18990674084902,2.7616078814476794,0.0,1,17.255677889669176,0.0,0.0,1,49.90168669384909,0.0,0.0,1,20.54416898995613,2.942256140613575,60.676080146144066,1,Drive
434,12.62568125380532,29.49573569698741,3.391872054915087,150.19425663237976,1,30.7757829281503,1.8348514920148566,75.09712831618988,1,35.27482874560762,23.985892996395023,0.0,1,67.3437287329576,3.048275157121306,0.0,1,78.60126325597791,0.0,0.0,0,202.4173836225058,0.0,0.0,0,58.62132497138739,3.350929189341191,54.587219479536365,1,Carpool
435,7.4989336441912675,17.356664874146702,2.4739080034242655,143.21651024989308,1,23.115011943776143,0.9189271762886515,71.60825512494654,1,21.661225495762707,17.69408134365533,0.0,1,36.97635652166898,2.772284365019026,0.0,1,44.49076691666145,0.0,0.0,0,148.5829778280546,0.0,0.0,0,36.588221876966145,3.1246882519138173,66.9542819960187,1,TNC
436,6.035666708100978,17.087371532369623,1.7825396926541308,105.4312922305634,1,19.149532035449347,0.670802938941968,52.7156461152817,1,19.890257524200372,14.708327827953523,0.0,1,37.928017339849895,2.5991540690294084,0.0,1,38.55698173851064,0.0,0.0,0,132.3539992493188,0.0,0.0,0,30.203357796009065,3.1573019438743306,18.73418024841702,1,Drive
437,2.5816982724204456,7.967966441321339,0.8101987076541493,59.700799881027415,1,11.275665649187854,0.2688965053385254,29.850399940513707,1,12.257331366862257,7.529401700228815,0.0,1,24.21639976092922,3.1318493505408944,0.0,1,18.04609550833834,0.0,0.0,1,49.25281150060308,0.0,0.0,1,21.435807136878207,3.0752720234473476,19.357129575914776,1,Drive
438,2.610554801387079,8.846236152139806,0.8245079490706483,112.26785977464738,1,11.563402105184538,0.3307139436086488,56.13392988732369,1,11.743361856025981,9.598168746040361,0.0,1,23.72390055680891,2.283225387452986,0.0,1,23.339484005985984,0.0,0.0,1,57.81930573698327,0.0,0.0,1,23.31373024308487,3.020666780003672,33.31180096160592,1,Drive
439,2.6188344516608986,9.215449709346698,0.780988650509633,186.68788822390692,1,11.969470426584293,0.3381460648841762,93.34394411195346,1,11.806560509163472,6.6001118954192695,0.0,1,20.1860391183453,2.3613168784476124,0.0,1,18.044272081558045,0.0,0.0,1,50.87709194928677,0.0,0.0,1,25.629372970813947,2.669101947492058,33.13993100970556,1,Carpool
440,2.458565860630772,8.341993130975546,0.7918949569047915,160.23002463879658,1,12.393754238608569,0.27369915327117317,80.11501231939829,1,12.981787806784611,6.676386969711094,0.0,1,18.165876918705393,2.82778491042258,0.0,1,14.648905621990284,0.0,0.0,1,47.18867275971008,0.0,0.0,1,24.511487497750263,3.330344451616245,52.82222795839958,1,PublicTransit
441,3.720132914551617,10.948256372291935,1.0227300301047115,72.92487467058274,1,13.024015607916859,0.4256970827349349,36.46243733529137,1,14.349874117779855,11.15565776245167,0.0,1,29.20303066327954,2.583874273468916,0.0,1,24.275201656445752,0.0,0.0,1,85.65559751772778,0.0,0.0,0,23.842107710444335,2.7601629087419544,26.374220761824947,1,Drive
442,3.548254818698168,8.585747904758875,1.0009199308433685,172.59649592635358,1,11.940359232305566,0.4212759741760984,86.29824796317679,1,13.891159304598734,9.339608362080439,0.0,1,26.326907731278702,2.59717965662836,0.0,1,23.0655645149317,0.0,0.0,1,66.71082797458548,0.0,0.0,0,21.58826031489664,2.7785680601217444,29.771603911252637,1,ParkRide
443,4.766940761877324,12.950086902446492,1.5092916835123777,199.93616698204087,1,13.806438875030073,0.5667560183079222,99.96808349102044,1,14.426384362174796,11.005073355892144,0.0,1,33.35465569426426,2.9518106510456494,0.0,1,32.40395235030692,0.0,0.0,1,99.4943004513091,0.0,0.0,0,33.83236490804409,3.599923794701456,39.902762204776245,1,Drive
444,3.1780805169854927,8.910149096904737,0.9334252901513747,62.552936487142794,1,13.759401389512524,0.4062292199520826,31.276468243571397,1,14.230385711175275,8.309510615626326,0.0,1,27.433659518349394,2.487171193458598,0.0,1,20.999844216611724,0.0,0.0,1,60.98524044948588,0.0,0.0,0,27.095660461963483,2.559179875167581,15.856348822401875,1,Drive
445,2.930857415002101,8.63835516924216,0.6983485780871109,116.20052650779682,1,10.868635965182184,0.34776813722478817,58.10026325389841,1,12.684498681173627,7.722655873709673,0.0,1,26.47293626687015,2.553077037894679,0.0,1,20.388343097731617,0.0,0.0,1,61.61592812777562,0.0,0.0,1,24.8717638706383,2.438531947610077,6.030382755760656,1,Drive
446,5.434227483516836,15.35271826504503,1.5320050636488676,165.66897943682886,1,17.613633574632594,0.7646576509633367,82.83448971841443,1,16.556901363658284,12.46121995624974,0.0,1,34.00862776597079,2.7686345605124414,0.0,1,33.99138657686305,0.0,0.0,1,105.69077326111919,0.0,0.0,0,31.61266445687846,2.9540628404442475,48.99280484834153,1,PublicTransit
447,7.48828537924127,20.040775894868048,2.139165136298318,144.91794396102702,1,27.64927925496187,0.8155550115240019,72.45897198051351,1,25.23112036390416,15.4527125997791,0.0,1,39.76472704103274,2.816857072226723,0.0,1,46.34262900967606,0.0,0.0,0,162.32188218113026,0.0,0.0,0,44.0327604319048,3.4381454718684044,23.451851656760034,1,PublicTransit
448,5.721438039277361,15.129401111191068,1.3341324308828106,175.55352088914586,1,23.673994766097522,0.7077723362201336,87.77676044457293,1,18.604892062012514,15.333810837603849,0.0,1,31.695141810847627,3.104951012935949,0.0,1,39.28668402300105,0.0,0.0,1,130.68657153717956,0.0,0.0,0,34.346665260072484,3.268834738189246,9.781645549916417,1,Bike
449,13.769584169884865,42.45797856311523,4.069517471948653,93.16666138774958,1,37.14807077851447,1.9851209661923288,46.58333069387479,1,36.15010973026598,28.977878409055627,0.0,1,57.74148343442819,4.007035256531343,0.0,1,106.4426619026322,0.0,0.0,0,262.0957976743885,0.0,0.0,0,62.81394618277556,4.564084786773442,19.193805913214774,1,Drive
450,4.348833275759379,16.32215724557475,1.0987545166561261,168.3235629050848,1,18.000099432190314,0.4634234353951092,84.1617814525424,1,17.27912895280568,10.87506535221997,0.0,1,30.94969971895154,2.8039836514975516,0.0,1,28.202537348949,0.0,0.0,1,91.24664777396028,0.0,0.0,0,26.10120203429972,2.901350502505522,7.099244060678579,1,Drive
451,3.287991041897555,10.125221271526158,1.0506913577516102,204.85154088482244,1,13.220161935901242,0.36723789336808715,102.42577044241122,1,12.91285148100139,8.71290378164032,0.0,1,26.196383727899228,2.4342420368649718,0.0,1,18.957139994319796,0.0,0.0,1,64.12452728348028,0.0,0.0,0,26.074890423395157,2.933579556800864,0.06258809790325226,1,Carpool
452,9.144936579721891,23.082218828926685,2.683407474908566,175.23508454517867,1,31.573727151531195,1.3396380523158378,87.61754227258933,1,24.616350771236192,20.74570336312498,0.0,1,49.9833003769636,2.645872134453204,0.0,1,48.27968993043645,0.0,0.0,0,184.33933148103281,0.0,0.0,0,51.69060308333689,4.238531564356503,59.518959630781815,1,PublicTransit
453,5.551545167085016,13.444737015745796,1.5764876246189978,58.31237296768384,1,20.129099263388756,0.7484033715217295,29.15618648384192,1,20.022307863297524,12.48135713081764,0.0,1,31.604903132699924,2.664202612535099,0.0,1,37.330936182660395,0.0,0.0,1,131.69273566848562,0.0,0.0,0,30.518566040558518,2.586628408569973,14.489026936536161,1,Drive
454,4.484757982710794,11.0391567175136,1.1691407205166688,92.43556307504787,1,15.351525205684016,0.4988016544742538,46.21778153752393,1,15.50090539486372,11.079431075481388,0.0,1,26.457673893320273,2.8531323820765246,0.0,1,23.732551916502757,0.0,0.0,1,103.4203145243565,0.0,0.0,0,24.1997938854517,2.6493017837702193,30.52716899929467,1,Drive
455,2.490229186942381,8.61891504540343,0.6297806449299216,136.62656028401238,1,13.229696441398364,0.32509937131405214,68.31328014200619,1,12.326276626455698,8.076433230723019,0.0,1,21.86405919686501,2.5354973168394013,0.0,1,16.32627439449489,0.0,0.0,1,51.34378532826956,0.0,0.0,1,24.365976085556714,3.0088801896699655,48.442517231428496,1,TNC
456,1.959123830511763,7.5901018936133,0.6110961263026619,140.26647213758858,1,10.78605815759116,0.2537471708863308,70.13323606879429,1,12.917922775575502,6.664091781202767,0.0,1,20.0226130789747,2.4273340840745963,0.0,1,12.489348859699602,0.0,0.0,1,43.758972039546464,0.0,0.0,1,21.97943374302174,3.099309392568156,26.208519028612894,1,Drive
457,7.01077196765871,15.246798492014658,2.0688443556129577,64.6700087295296,1,26.698400135472777,0.6843274443748989,32.3350043647648,1,24.10189807094378,15.315293970397619,0.0,1,37.99616246152301,2.7860062073457628,0.0,1,47.05247251006732,0.0,0.0,0,132.2859337849564,0.0,0.0,0,38.58866882601853,3.122245442384152,45.90644661655097,1,Drive
458,7.813420613176311,21.377124796449884,2.3359725281698114,147.6567951264874,1,22.31217660676974,0.8999065865618043,73.8283975632437,1,27.88403027996011,16.919723194885012,0.0,1,51.13898720002704,2.8995472726408944,0.0,1,50.6433194404918,0.0,0.0,0,143.31734182106655,0.0,0.0,0,42.121817924571,3.898566678956527,38.970839298937314,1,Drive
459,6.067264111829811,17.78789892561257,2.0598091183430096,96.769177058281,1,19.447530441752924,0.6764930250519534,48.3845885291405,1,24.24160604265127,12.614791472279022,0.0,1,35.95031392190234,3.0161653134294024,0.0,1,47.698353948115376,0.0,0.0,0,121.8313070070318,0.0,0.0,0,29.608276145283398,3.2195933451278744,60.416297578335616,1,Carpool
460,2.801382440933016,8.417092597388002,0.9363854398710247,200.3191986397405,1,13.973492274726725,0.34374754841203264,100.15959931987025,1,15.242354736580458,7.298721168010107,0.0,1,24.313485525951663,2.808897224142471,0.0,1,19.905221812782376,0.0,0.0,1,52.28955516080591,0.0,0.0,1,21.40186264641934,3.1712700223390327,41.388836787278265,1,Carpool
461,2.6152983447854234,9.102105761762111,0.7786454320099035,121.29699000370496,1,12.627946374903328,0.32713832408210014,60.64849500185248,1,15.12539743732204,6.570285150528007,0.0,1,23.061358632915418,2.7991267862538187,0.0,1,19.275611999248447,0.0,0.0,1,54.26006123504505,0.0,0.0,1,20.53862529259682,3.1344831657242396,58.60449822323906,1,Drive
462,5.444107901775565,14.34354764963039,1.8528576319512065,74.52190620197177,1,18.442894824512383,0.6420474205250236,37.26095310098589,1,18.846019134859844,12.581865781398509,0.0,1,29.12466423874758,2.6880889156278895,0.0,1,38.97500687978633,0.0,0.0,1,112.64220403538289,0.0,0.0,0,34.66349136311694,3.1049790130687835,19.74913441234387,1,Drive
463,9.273196315328848,28.44968162945243,2.627048578894139,130.18749417986854,1,27.50590611555609,1.0136631835977687,65.09374708993427,1,22.654824768519635,19.990948221200924,0.0,1,50.18112786145248,2.7676118152155214,0.0,1,58.51650337967452,0.0,0.0,0,172.07865548023295,0.0,0.0,0,43.356686766077424,3.5157880035119313,7.941893948641162,1,Drive
464,2.726221791863935,7.895597740765562,0.7211779510002263,103.54650294256385,1,14.121381900656738,0.34233804159070447,51.773251471281924,1,13.70833825885782,7.7630805315837295,0.0,1,22.267619698365504,2.3719498682282247,0.0,1,18.608521857858552,0.0,0.0,1,59.40013659458966,0.0,0.0,1,21.69377038658739,2.8397886357224205,54.215446886662214,1,Drive
465,2.5315299945684773,9.964388526581011,0.8554394855686036,69.30734199673418,1,10.580998637422216,0.24502258947963854,34.65367099836709,1,13.414639502328566,7.075524639975836,0.0,1,20.94236443847698,2.6406484384941824,0.0,1,18.908047994702397,0.0,0.0,1,43.63745429131383,0.0,0.0,1,23.37539187559937,2.754718614604569,48.92936242818469,1,PublicTransit
466,5.497453756772949,13.781354917896584,1.7229255873865685,169.17820116537797,1,19.229134234624258,0.7469938947529846,84.58910058268899,1,21.94033775381777,12.502290177749401,0.0,1,37.671396594738475,2.9863085881952873,0.0,1,37.01267844375155,0.0,0.0,1,108.89624729371785,0.0,0.0,0,32.04426198143287,2.8528535299191975,24.05267003355819,1,Drive
467,3.0828064879157053,9.17186128224351,0.7964819649260307,65.9304473235101,1,9.239437345261027,0.3586524686959058,32.96522366175505,1,12.686127204597554,8.665014516925861,0.0,1,26.101452766592605,2.555174322619644,0.0,1,18.252342749470063,0.0,0.0,1,54.734729129671734,0.0,0.0,0,29.310014683066527,3.066744623104847,13.920006940493913,1,Drive
468,6.0050244062825335,17.28725590726651,1.9795462884622335,74.61101869973393,1,20.514589821286442,0.7158648729688202,37.305509349866966,1,22.974035469075176,14.72614240501178,0.0,1,35.42966968708832,3.0467157361875983,0.0,1,36.86299176425397,0.0,0.0,0,124.5881212593482,0.0,0.0,0,37.85806028469128,3.0323289055715277,19.95104212333629,1,Drive
469,8.336264458495414,18.753661676300165,2.6977712892685193,192.47645122923728,1,22.82103074350348,0.9836027608766389,96.23822561461864,1,22.64719190557771,16.814552518439772,0.0,1,47.34858552513585,2.7961152796959245,0.0,1,52.07003399711684,0.0,0.0,0,148.12600824622405,0.0,0.0,0,42.62180410758295,3.129049505757555,32.884193142659825,1,Drive
470,4.046866537580999,12.521684577392554,1.2458291891352238,58.52736146028508,1,15.64353712253234,0.4933615121649715,29.26368073014254,1,15.290907521670382,10.817554629795216,0.0,1,27.17053833213531,2.660881690636638,0.0,1,27.25024054653228,0.0,0.0,1,86.45450251203205,0.0,0.0,0,27.5930803709847,2.660463761828067,24.544359135323795,1,Drive
471,11.410991199140074,28.70003459722949,3.2073976804879867,137.29791285054574,1,36.46168358660926,1.2063921478823514,68.64895642527287,1,35.65098808885523,22.193318066806995,0.0,1,51.19331281965544,2.693505368639331,0.0,1,71.05818484581496,0.0,0.0,0,291.04863703052996,0.0,0.0,0,48.224227999712724,3.8181264017683283,42.844466404120794,1,Drive
472,8.134697995754697,17.328287084878895,2.3116810928252827,101.28712454381385,1,27.03881725805857,0.8029292140987385,50.64356227190692,1,23.040345498992004,19.736202952457234,0.0,1,47.99510035123352,2.9862821729834748,0.0,1,53.48488718247754,0.0,0.0,0,183.16572108194785,0.0,0.0,0,32.13992298939517,3.0873938987739824,57.96740142917597,1,Drive
473,7.75206127704925,16.157353133018816,2.3272999441459215,64.05486725928228,1,23.719993013771198,0.9362057369467194,32.02743362964114,1,22.259873022243504,18.44754683510999,0.0,1,42.10283124926074,2.9847062271924085,0.0,1,53.19802891686275,0.0,0.0,0,148.64982571901842,0.0,0.0,0,32.1659817809766,2.9856161621596224,50.807978457682445,1,ParkRide
474,6.496807517823097,17.608512057992296,1.5219039948084954,94.87330327394261,1,21.742648922536404,0.8485677363609777,47.436651636971305,1,21.75778214749008,15.392003904100399,0.0,1,44.287403845064965,2.555703085442541,0.0,1,43.40648990176711,0.0,0.0,0,124.74993816814869,0.0,0.0,0,35.36729492368325,2.890558822019232,60.943497095875756,1,Drive
475,1.7482526772036941,6.04981061848581,0.6048621475765997,195.7233500027034,1,10.040451968429773,0.203266793424081,97.8616750013517,1,12.977475736830838,5.0411820225999,0.0,1,23.276044155332606,2.69529889763436,0.0,1,14.16573780713326,0.0,0.0,1,31.66132356613149,0.0,0.0,1,19.291020136404896,2.849584504466299,63.099945820220995,1,TNC
476,9.871462337714327,25.113508281896696,3.063071882493856,105.54635901814729,1,29.891057617532226,1.1743921707134906,52.77317950907364,1,28.051570350303617,21.999424335567678,0.0,1,54.30424835907856,3.1642044593397753,0.0,1,50.06713988602982,0.0,0.0,0,200.4164483336706,0.0,0.0,0,48.419993669242174,3.7225759440234962,8.075588989568955,1,Drive
477,5.130675553085404,14.916392431795442,1.4407319891818953,123.59775339251388,1,18.752571077742434,0.594183397488823,61.79887669625694,1,15.357639380640984,12.784096198009697,0.0,1,31.52361595335805,3.1218946167978734,0.0,1,35.07598280010881,0.0,0.0,1,117.66558094841777,0.0,0.0,0,26.17358613512967,2.940518665177962,27.824971043587194,1,Drive
478,6.23197359413319,17.442815973821297,1.8693972178455205,130.60579951925655,1,22.186108561519305,0.737680441818313,65.30289975962827,1,18.00185199147758,13.986578368976382,0.0,1,36.257157314760384,2.6428227725939313,0.0,1,38.86419073401929,0.0,0.0,0,111.56073164422969,0.0,0.0,0,36.94650910454449,3.4713502204803945,38.576710705073744,1,TNC
479,6.310042176873642,13.756893573883419,1.9018516971459851,40.522273815410884,1,21.334955214061033,0.8153787397326098,20.261136907705442,1,22.24537384277516,15.020897705056035,0.0,1,36.63559121788149,2.9575341477062205,0.0,1,39.3209653278129,0.0,0.0,0,105.42010830495309,0.0,0.0,0,29.490214605869525,3.220277625846386,17.118453668600765,1,Drive
480,19.471805248855183,41.13526655433509,5.708705893066251,68.26951355721954,1,49.01870971484704,1.7991228394178536,34.13475677860977,1,58.14625191419582,41.733367361187824,0.0,1,95.47885880888896,4.056283045619641,0.0,1,112.75181677017477,0.0,0.0,0,426.974323728217,0.0,0.0,0,77.27821019482111,4.1519400253039835,62.99748777828681,1,Drive
481,7.907633031627892,16.11060607308102,2.4561141348874598,175.37792725462066,1,24.454424337864655,0.8915037782765429,87.68896362731033,1,24.051848503667674,18.140448072065155,0.0,1,44.60763456857639,3.1417224351923854,0.0,1,48.37112810501135,0.0,0.0,0,120.63011163971733,0.0,0.0,0,34.85430909330811,2.9136262035540876,37.572075590096354,1,Carpool
482,9.461097109444031,22.6131601065821,2.6622192768828183,155.49050098405195,1,24.8323465747981,1.3793766441439768,77.74525049202597,1,30.066365491121253,23.55443218943959,0.0,1,55.33757117855926,2.891440421822998,0.0,1,43.69443137645472,0.0,0.0,0,171.60310909255452,0.0,0.0,0,32.53394639696231,4.184401774102498,64.61160873012764,1,Drive
483,5.296592598728298,14.827175575361911,1.5945314171474736,179.22199900636602,1,19.09743355069113,0.6600590013729222,89.61099950318301,1,19.22167081094569,12.023430687301387,0.0,1,31.226660930452436,2.7651631686930314,0.0,1,37.031861234829904,0.0,0.0,1,119.51202736484218,0.0,0.0,0,27.753146959904836,3.0416341778799985,69.61172637511014,1,Drive
484,3.309217788835092,8.204821240837319,0.9016944752018202,185.64551831082355,1,14.007632897737594,0.3780250125392965,92.82275915541177,1,12.146410014089577,9.776525587009987,0.0,1,22.65801546246505,3.299139888329299,0.0,1,19.87452432860883,0.0,0.0,1,70.35238653555554,0.0,0.0,0,22.780222139987156,2.954673829508808,20.8309778867014,1,Drive
485,4.640278001228185,16.08013115516486,1.3576286505007644,77.90561400247711,1,17.756480675344026,0.5225350440780854,38.952807001238554,1,18.189172298631977,11.581153705463409,0.0,1,30.987538464326395,3.1188663591614025,0.0,1,21.699726015812228,0.0,0.0,1,81.64231336434091,0.0,0.0,0,27.874897257542457,3.140531820517834,48.96164330567026,1,Carpool
486,6.917801377568574,18.769289118412946,2.174687258939929,142.3105780096289,1,21.82422863805128,0.7948322460300331,71.15528900481445,1,20.890471556751965,15.921503485464262,0.0,1,42.510839710027874,3.357491779941015,0.0,1,45.24574392247271,0.0,0.0,0,155.02415825825187,0.0,0.0,0,35.19874347581152,3.526110322020082,66.95667447930543,1,TNC
487,4.546675009474432,13.178067030883751,1.4408923643766014,77.1025871029891,1,15.785747316276812,0.5384497033526363,38.55129355149455,1,17.31260972173091,10.435803874966654,0.0,1,27.980802869170823,2.705154268123524,0.0,1,28.655855830317325,0.0,0.0,1,99.94914565486532,0.0,0.0,0,28.234965484118685,3.125019006389183,10.867421214441926,1,ParkRide
488,3.6429414882975277,14.257775478751286,1.171849873159208,72.07719688701133,1,12.94885069792399,0.5035808095428207,36.03859844350566,1,14.28040001800293,10.776721090018333,0.0,1,26.1494160161858,3.173652389892041,0.0,1,26.144824895792233,0.0,0.0,1,69.76267158277345,0.0,0.0,0,21.450661516608935,3.254800892190753,41.04514829946145,1,Drive
489,4.364567467424637,11.833129041881179,1.4030387118057113,204.38166773048403,1,14.492657253209845,0.4813443884181177,102.19083386524201,1,14.93190110280079,10.576739095853883,0.0,1,34.96677530467222,2.723663967453273,0.0,1,27.42354546419047,0.0,0.0,1,75.8261449951284,0.0,0.0,0,26.787417816051427,3.3569785863423904,60.75436731109122,1,PublicTransit
490,7.530140254971103,19.057349563104445,2.0828611035006928,189.6488631141717,1,20.296221168321626,0.9901208697033353,94.82443155708584,1,21.308767178671573,15.114708713488463,0.0,1,51.57454755849258,3.2837780706555724,0.0,1,51.997243545313204,0.0,0.0,0,151.11580862484345,0.0,0.0,0,38.67072748961215,4.145201945722411,11.557501130861318,1,Drive
491,1.667597918729455,5.40612226379483,0.475167995546876,64.57080920671719,1,10.282146609166002,0.20833070389845504,32.28540460335859,1,12.312313711701636,5.839514779517512,0.0,1,20.801832589945878,3.283419858396441,0.0,1,11.001872072941742,0.0,0.0,1,35.82782117861806,0.0,0.0,1,21.748146972475702,2.4246985248438904,59.13648186028147,1,Drive
492,15.920747687321922,41.84803262546987,5.154723484321793,181.7012289639642,1,42.418705766812145,1.8401471419223667,90.8506144819821,1,37.47812292105736,28.90784950996722,0.0,1,73.91387850564463,3.1919282751821645,0.0,1,95.47961458012477,0.0,0.0,0,287.0476280378839,0.0,0.0,0,71.92007330252349,5.712146012343842,5.691943751295023,1,PublicTransit
493,5.500555240380884,16.73222641565479,1.5400737331980532,58.71018145800062,1,16.990771969262113,0.7515675589079751,29.35509072900031,1,17.68719489744961,13.78995083838182,0.0,1,32.45713970811176,3.0804301982747204,0.0,1,34.70535380007189,0.0,0.0,1,106.8701241340768,0.0,0.0,0,31.628634684669013,3.0931131816050508,47.35741831921521,1,Drive
494,2.645449832310901,7.69773523670567,0.9328234810187492,158.41316834903571,1,11.741542029822943,0.3515757131135693,79.20658417451786,1,12.628516395556822,8.05651670375952,0.0,1,24.589067486654386,2.6595656689571037,0.0,1,16.575358193532086,0.0,0.0,1,59.45990594191285,0.0,0.0,1,22.306632791627184,2.5867284205319305,31.060694080105616,1,PublicTransit
495,3.3899696136429665,11.838566406489923,0.9413111972021657,53.878214547914965,1,14.386235712192084,0.416690678690009,26.939107273957482,1,13.915777553178774,8.671952601582715,0.0,1,27.345561139279024,2.975369413105044,0.0,1,19.116508045559353,0.0,0.0,1,71.8035872078544,0.0,0.0,0,22.625332845122657,2.6916240727031933,51.923577298772265,1,Carpool
496,14.514237497076302,34.0673344922058,4.907382871783259,104.50720903200408,1,34.110753932108864,1.6339279589082933,52.25360451600204,1,38.59849237606923,28.700130352381464,0.0,1,71.04304260026949,3.4784523758557064,0.0,1,86.70982785442014,0.0,0.0,0,267.8662368260221,0.0,0.0,0,56.5198145437512,4.814955453994865,38.67326357060753,1,Drive
497,5.0155161774128425,15.649663116160248,1.3367376847146004,121.76530965363303,1,18.65836645159915,0.535890955529674,60.88265482681651,1,17.16557314642833,10.476728056667842,0.0,1,33.410719578876574,3.409288939031189,0.0,1,31.700245692453926,0.0,0.0,1,114.00714643162273,0.0,0.0,0,29.59999085354261,3.2507499357459277,44.17348543327138,1,Carpool
498,11.81068614222241,31.22305544991865,3.3254745156260967,158.27130939290862,1,32.29036213228338,1.449049534958057,79.13565469645431,1,33.5599320250012,23.573877410648343,0.0,1,65.70336851790383,3.232684860997787,0.0,1,68.92343551597797,0.0,0.0,0,238.06359132010564,0.0,0.0,0,60.753330798161464,4.291897511539266,2.1454797562950247,1,Carpool
499,5.020381493165093,12.014657024079478,1.4968778093073303,72.03032162482567,1,18.471368988553756,0.6878772382549485,36.01516081241284,1,19.817023167767378,10.16828999148774,0.0,1,32.17104808199953,2.706330957764395,0.0,1,30.347021600628146,0.0,0.0,1,96.27903147856804,0.0,0.0,0,26.817215492765907,2.4826350110902515,9.686774414514623,1,Drive
500,10.507355179347647,25.796311485509978,2.862390852547426,129.8131637600069,1,29.635218765090706,1.630328477295553,64.90658188000344,1,29.93250930166989,21.517466703028386,0.0,1,67.36695274164298,3.330190542512772,0.0,1,73.77175577431974,0.0,0.0,0,211.22666002202715,0.0,0.0,0,57.17056188323851,3.5986315170255416,7.147505712364857,1,Drive
501,6.957399636252383,16.44775816810413,2.426928173085052,169.6522182379119,1,19.65257028314609,0.858996052517595,84.82610911895596,1,21.360098990335416,15.01027230096143,0.0,1,45.26872658601713,3.5507602857364473,0.0,1,43.478143882707954,0.0,0.0,0,138.13015420452587,0.0,0.0,0,34.32272633895375,2.672339424266004,43.70513765637394,1,Drive
502,8.321720984453396,20.47181013281092,2.2542409922860442,119.71825393780094,1,25.43253710318752,1.006787744706816,59.85912696890047,1,21.405041918210944,15.816331295986053,0.0,1,46.974654562694475,3.0047368290990994,0.0,1,55.928868138636034,0.0,0.0,0,174.19066557183683,0.0,0.0,0,31.483138596306965,3.4338090774495926,69.04654698731015,1,Drive
503,4.18830781896618,14.075713564990153,1.2842430639343956,156.41129218992404,1,17.11390193950731,0.5345610766543393,78.20564609496202,1,16.169094145572025,10.000954584784878,0.0,1,34.907588275244386,2.6284338762977604,0.0,1,23.46400748102128,0.0,0.0,1,88.03667885428042,0.0,0.0,0,32.52667724697188,2.9226979542276834,36.66348107058491,1,Drive
504,7.360833177807848,20.948767016515795,1.6102334317368248,212.8979521235351,1,24.615213594751864,0.8999933027316178,106.44897606176755,1,27.135218686709045,15.929198599202259,0.0,1,43.56412921558726,2.696453163112247,0.0,1,55.06632706462719,0.0,0.0,0,152.74345245581466,0.0,0.0,0,34.920788662382556,3.27803584912569,21.163229613930493,1,TNC
505,9.39598695756632,23.817086197259083,3.052861982498451,216.8102480001403,1,26.81821486496838,1.302312376706996,108.40512400007015,1,24.916803327299377,21.493653218627713,0.0,1,45.67623947435152,3.868569857807016,0.0,1,59.1630868604222,0.0,0.0,0,218.04597289227445,0.0,0.0,0,45.15232569635152,3.937443359171656,40.9464084694421,1,PublicTransit
506,2.267532725246341,7.099440684841178,0.7567757499208675,174.286967423489,1,10.557750966380183,0.2437512705441191,87.1434837117445,1,13.331760273343724,6.223664842677554,0.0,1,25.99806850672368,2.6647152150795677,0.0,1,13.685356944619047,0.0,0.0,1,44.902973261911725,0.0,0.0,1,19.187314917595337,3.228244184623153,68.30787381914396,1,PublicTransit
507,6.510931251669513,15.895275313659365,2.11437748420384,116.22936079282914,1,20.848377477490715,0.7909687824224427,58.11468039641457,1,19.26030708812318,12.062694567773432,0.0,1,35.2491801234141,2.806389153966236,0.0,1,42.985925046476595,0.0,0.0,0,139.23697727835952,0.0,0.0,0,31.77174099458264,3.2932852695978387,42.62391250014282,1,PublicTransit
508,4.138401268980643,12.519546658051844,1.2258041277068012,213.7622183809114,1,16.895656678777303,0.5287144405082504,106.8811091904557,1,15.918100125245518,11.22783462019678,0.0,1,28.246265064764042,2.778584968575915,0.0,1,27.524008642365807,0.0,0.0,1,82.61887102525722,0.0,0.0,0,24.252467122614856,3.0028787874682825,38.112295103324215,1,Drive
509,6.551943617696746,15.926395775805437,1.8192623958515146,206.92578690030942,1,18.07467765554294,0.7809007753697675,103.46289345015471,1,25.648472681873614,12.86289849929416,0.0,1,42.205828586887215,2.9609120723838496,0.0,1,33.43503861419467,0.0,0.0,0,129.6879448424783,0.0,0.0,0,35.12378040673955,3.620447114845297,51.01829777357169,1,Drive
510,3.326489367606946,11.808527830510023,0.8776227372332961,159.9116792556713,1,14.192208471935238,0.3817599969242324,79.95583962783564,1,13.998068708885633,7.843344753649207,0.0,1,25.73845075090511,2.6197381287745762,0.0,1,23.26749645341859,0.0,0.0,1,70.49965311709757,0.0,0.0,0,24.32167896561437,2.560332091423798,34.648891721221595,1,PublicTransit
511,13.608185344977619,23.013277225555434,4.374751590890496,195.6289031610783,1,33.872165727535446,1.5564243307461076,97.81445158053916,1,36.12169985300103,28.916197244662197,0.0,1,71.3905928108338,3.1253899153657243,0.0,1,86.85463485830411,0.0,0.0,0,281.8774983838609,0.0,0.0,0,47.99492088389115,3.541169881441699,61.09764153969818,1,ParkRide
512,3.608511374792988,9.67680847744608,0.9097826565839668,158.79196871804697,1,14.940185443260928,0.48182636363578113,79.39598435902349,1,13.946311333424475,8.334093936317014,0.0,1,25.52789908103543,2.487693481697781,0.0,1,22.399229267345344,0.0,0.0,1,85.0335074313207,0.0,0.0,0,21.86928563114035,2.7820421221143206,29.76063671091956,1,Drive
513,4.3455625116845,11.700620749110204,1.4453103794661022,110.51474367783914,1,15.740896385635734,0.5038081675832017,55.25737183891957,1,15.842225383067547,9.29481642975798,0.0,1,27.73128523458859,3.1240212135667935,0.0,1,27.29160686444491,0.0,0.0,1,84.27471316998192,0.0,0.0,0,31.919116082985244,2.872336420749835,9.826747928360424,1,Drive
514,3.5849616580722587,10.24802726768394,1.1129114714938702,122.52534895838397,1,13.332256259688945,0.40772682369608415,61.262674479191986,1,13.840511864966167,8.75473781078014,0.0,1,23.780988178069464,2.882036883912264,0.0,1,20.311092017424578,0.0,0.0,1,65.46728078068024,0.0,0.0,0,24.00841360429887,3.5363263421397173,43.64107882243435,1,Drive
515,3.384583324673016,9.5172649021828,1.09201968500747,197.10104026818615,1,13.602661745538699,0.41051539761547273,98.55052013409308,1,14.296896374518425,7.691948717613312,0.0,1,24.548611125061573,2.153672473518064,0.0,1,21.949089035520434,0.0,0.0,1,86.44655148380873,0.0,0.0,0,20.918361228599274,2.7339243318443596,59.8992581608005,1,ParkRide
516,4.22670831390983,12.29765566930304,1.2472219183387994,107.21091207194007,1,16.240647977546768,0.440867148534026,53.605456035970036,1,16.436732048210455,10.101870428974788,0.0,1,31.586367034918954,2.707452320510697,0.0,1,27.586915261926325,0.0,0.0,1,88.91952277336331,0.0,0.0,0,29.335554790914433,3.714764542155789,19.550298610563825,1,TNC
517,3.9043162270843994,13.403443405190334,1.190305973560317,191.5312339150416,1,15.789987010629456,0.4649810108796826,95.7656169575208,1,14.635983626236266,10.250241059596792,0.0,1,25.49504226633988,2.4982643490806575,0.0,1,21.237887067106723,0.0,0.0,1,72.9652035807849,0.0,0.0,0,25.327208352893027,2.9953454694565695,39.23291101365473,1,Drive
518,10.127567822853711,26.441947722399295,2.9094765899759074,179.26735419670158,1,27.78456768550974,1.1555780104824347,89.63367709835079,1,25.663697974624615,22.707649015082982,0.0,1,50.8601332572809,2.476434231662774,0.0,1,59.895273476276785,0.0,0.0,0,221.83074773953865,0.0,0.0,0,48.8015281514995,3.6698486880496155,30.510142846839596,1,PublicTransit
519,3.2632356787349597,10.624090429183836,1.0336790030473573,158.81863006878763,1,14.310943139744074,0.4373313759543586,79.40931503439381,1,12.686731387925255,8.632857365066938,0.0,1,21.92419073154018,2.52064342020534,0.0,1,20.959030287693306,0.0,0.0,1,64.71864743589663,0.0,0.0,0,26.556522025693724,2.9707541517575238,24.096213123191607,1,Drive
520,5.754905203224732,15.044368892392285,1.6801737688637077,94.92926241484977,1,18.62825217170612,0.6331742888225325,47.46463120742489,1,22.008369477494526,11.931193481866561,0.0,1,33.23929372105458,3.1905193474990114,0.0,1,33.258799274913386,0.0,0.0,1,137.6186164060375,0.0,0.0,0,33.097865377708345,3.088300603273349,6.119145316515961,1,Drive
521,4.294336837623767,10.181530759743373,1.1735574491556173,152.6278292037245,1,11.587820713851809,0.4649690260691947,76.31391460186225,1,16.560266395435846,9.26312647816557,0.0,1,32.9500570430226,2.651320132436059,0.0,1,22.484967317540633,0.0,0.0,1,90.45598882295049,0.0,0.0,0,27.00740221378718,3.0496104260985515,60.573089903909604,1,PublicTransit
522,3.1385974174300815,9.620162868218813,0.817653115159836,201.98614645239016,1,13.777697723616605,0.38479248752355166,100.99307322619508,1,14.46297490384406,7.449654087543566,0.0,1,20.8887683180947,2.55358348552191,0.0,1,21.982263245169282,0.0,0.0,1,52.291986519512655,0.0,0.0,0,21.168248938841952,2.8361021645145787,21.363625723077263,1,Drive
523,5.599127863930341,15.329357224015352,1.8136503891243083,158.32363715151246,1,17.953624294302468,0.6484181282278092,79.16181857575623,1,18.354123171134987,15.070572000236591,0.0,1,28.87107955456792,2.496572476937177,0.0,1,42.47291522189076,0.0,0.0,1,106.3874403754122,0.0,0.0,0,29.873618453192982,3.1360182286700757,46.70062070129276,1,Drive
524,5.074852759492236,14.284581501931234,1.5177151429245967,46.90508024506644,1,17.025595199979783,0.5611991661292169,23.45254012253322,1,20.68029219119886,11.907212353025054,0.0,1,33.25140070936449,2.5388167382552225,0.0,1,31.778113777686205,0.0,0.0,1,105.96431072555423,0.0,0.0,0,25.949787898383914,3.1259807331088383,55.82654386523793,1,Drive
525,2.4451037031828458,7.388238962915974,0.6622499064364459,160.52792710347666,1,10.71855960946329,0.3279280255891471,80.26396355173833,1,8.59453253956406,8.50005599540992,0.0,1,22.506644816902956,2.518451117298159,0.0,1,17.851176115941016,0.0,0.0,1,51.96429568925911,0.0,0.0,1,23.43170210574937,3.153126096034045,26.625069204218857,1,Bike
526,2.969616136647162,9.320062416535803,0.7687104413807233,156.0182461122597,1,13.055632431439179,0.3441906139090768,78.00912305612985,1,12.815631627666686,7.9597724575507485,0.0,1,24.81075651585471,2.3089311334107627,0.0,1,21.780241643180712,0.0,0.0,1,64.26984495034186,0.0,0.0,1,24.431165748364307,2.6915362230529154,10.976843740637904,1,Drive
527,6.578603236918603,18.288316085766308,1.8999117954741178,204.10063183276728,1,19.878648265576274,0.751286079318367,102.05031591638364,1,21.166120920521273,13.059065317406205,0.0,1,38.78078206407858,3.6440318768908413,0.0,1,42.48833434597572,0.0,0.0,0,142.4495761323004,0.0,0.0,0,29.915430289242984,2.927814562273792,5.393752900944656,1,Drive
528,4.044662828750789,10.859088611141873,1.2413808146261254,43.56642437981781,1,15.145583884190795,0.4247043239180372,21.783212189908905,1,16.791664754414473,11.183869349327752,0.0,1,28.472273841764313,2.4122475933286145,0.0,1,25.309722824080183,0.0,0.0,1,88.31984851401394,0.0,0.0,0,27.773838648781542,3.380822362984419,31.59306932349149,1,Carpool
529,5.858742510376412,16.253007028550122,1.6048229896739965,213.806614473935,1,23.30509862969473,0.7342462035152785,106.9033072369675,1,21.661872807889676,15.130843181386085,0.0,1,35.51904163094209,3.2080199676142183,0.0,1,43.82217069365429,0.0,0.0,1,120.73373431447042,0.0,0.0,0,32.621059963021075,3.1734330597508893,44.84746286529365,1,Drive
530,3.148968063479206,10.21634622937038,0.735760982302949,183.04307799065808,1,13.707390971155538,0.4101721248598322,91.52153899532904,1,11.735057743957835,9.4262827039603,0.0,1,29.17246841420979,2.5997696423016237,0.0,1,23.178888212767355,0.0,0.0,1,69.2457186952954,0.0,0.0,0,26.504550268864353,2.5183578746873887,39.273974720978934,1,Carpool
531,6.479118483130979,16.74603476799714,1.6397479388777811,96.69363848400678,1,19.454844715312802,0.7422705453830281,48.34681924200339,1,25.44727049837182,15.944718468975399,0.0,1,35.66714507031618,3.205361833230973,0.0,1,43.396129473068505,0.0,0.0,0,129.10374478393487,0.0,0.0,0,38.33336578360379,3.235624349056372,6.4272464971397,1,Drive
532,2.4872830240033172,8.081620453123609,0.7904692212629724,213.70537390174994,1,13.755079421738127,0.27661308701208653,106.85268695087497,1,11.857322895010252,7.308909296713587,0.0,1,22.785354160419327,2.178376598004477,0.0,1,18.30549986937263,0.0,0.0,1,51.54265465966072,0.0,0.0,1,22.0767336697156,2.5960504241448907,16.309353735214888,1,Drive
533,5.535546499675032,14.783361446890996,1.541222423773756,211.82119928872805,1,19.226979857621945,0.7344254169636661,105.91059964436403,1,21.61279095086532,11.390377477535672,0.0,1,34.7686875178995,2.9080945243671046,0.0,1,35.368896860204366,0.0,0.0,1,100.3794016555215,0.0,0.0,0,31.11378187153326,2.9057085599633092,54.19811258050831,1,ParkRide
534,7.076788333752928,19.54291691258076,2.1138537588427706,205.99229544412657,1,20.59478270473417,0.9040108411487244,102.99614772206328,1,20.938292835585848,14.430038869812012,0.0,1,41.694685442234835,2.770225924325246,0.0,1,40.46487995894179,0.0,0.0,0,151.8309544113259,0.0,0.0,0,35.56998391916887,3.7966622178599803,62.90859107562741,1,Carpool
535,8.175121521783657,18.751971597986376,2.37965963219373,105.2004581823175,1,19.816801875106613,1.0850162976497026,52.60022909115875,1,22.693823921533625,15.935740705897016,0.0,1,35.791245327944374,2.6417626484769,0.0,1,50.98758198564705,0.0,0.0,0,157.00083858448113,0.0,0.0,0,33.76411508016856,3.882512947519108,22.811414331065063,1,Drive
536,5.3881519106789755,15.70656020927555,1.7616185267073683,102.28046149188906,1,20.03956718332772,0.6224047371943899,51.14023074594453,1,17.215106326092176,12.685100496777816,0.0,1,38.64154506354988,2.7789671863442376,0.0,1,36.40528895867544,0.0,0.0,1,92.64959018729984,0.0,0.0,0,28.965736191270786,2.8926981580628133,21.22267770645119,1,Bike
537,5.939446228643263,15.176172258416909,2.09871611183708,180.6983231709272,1,20.43410242990138,0.7133473699531901,90.3491615854636,1,22.991516310369565,13.928910138338987,0.0,1,36.04231032125281,2.331481618206667,0.0,1,35.30301523464537,0.0,0.0,1,121.10633184750642,0.0,0.0,0,33.46723472392726,3.0834277142742224,7.369318650411719,1,TNC
538,6.219868403504208,13.820061231519295,2.12593564962191,157.36223307602478,1,18.498287903780255,0.770275090191731,78.68111653801239,1,23.2480906354243,15.330999363849402,0.0,1,34.58486443145145,3.033280407757228,0.0,1,41.95973086956103,0.0,0.0,0,132.94458446947328,0.0,0.0,0,31.356478468112652,3.374888101415513,43.18940443187874,1,Carpool
539,4.506801917128722,12.126020007678068,1.4377047295718974,79.20815320988399,1,16.971945018702215,0.5070673294017033,39.604076604941994,1,17.223403733138593,11.153494938685707,0.0,1,30.623243282611643,3.2509461138260853,0.0,1,28.392414955529432,0.0,0.0,1,95.9887334097585,0.0,0.0,0,27.18451670339018,3.111107641194614,56.83346811104387,1,Drive
540,8.399191939662625,23.05819510329094,2.676912874711177,196.37460575120488,1,26.702001898281882,0.8995721149718128,98.18730287560244,1,24.131662908857038,18.21591006434968,0.0,1,49.19548129242883,2.6124422136843735,0.0,1,54.34369254989574,0.0,0.0,0,178.92175252773112,0.0,0.0,0,43.847243711815395,3.7677597476685896,58.84878055321062,1,Drive
541,2.7140723383729033,8.398835141639013,1.0286286357122183,148.41237284886478,1,13.231506303006038,0.3222965758985614,74.20618642443239,1,13.659122826266348,7.983177239636095,0.0,1,18.139351297189897,2.819352501672417,0.0,1,19.652411031827643,0.0,0.0,1,62.29841578699833,0.0,0.0,1,21.944126645910334,3.2383000713748755,51.110936892418614,1,Drive
542,13.303283375397593,30.95030185548213,4.208107338743878,81.99590096453696,1,35.30641346387683,1.331617948713702,40.99795048226848,1,40.48293634198319,29.095116684503562,0.0,1,68.17367845432166,2.8793775219126583,0.0,1,75.66909472352704,0.0,0.0,0,261.3221333045849,0.0,0.0,0,51.46162123694042,3.9016828345815813,15.849496278870722,1,Drive
543,5.208909440506416,14.580495514299244,1.7253114075843883,122.65653588204295,1,16.622288441963715,0.638379122559178,61.32826794102147,1,18.72499556302654,11.611085430801293,0.0,1,32.46391359117778,3.1615250530329955,0.0,1,36.715157630027,0.0,0.0,1,90.63016398749932,0.0,0.0,0,34.916923785192054,3.635817850927985,26.74598916281431,1,Bike
544,11.059358648764357,24.4004725721627,3.2105538063621535,127.73590806385809,1,34.14333538180137,1.5991235095078993,63.867954031929045,1,30.117875336483916,26.213333804806165,0.0,1,57.96557363859911,3.6780190202073992,0.0,1,70.99653708859567,0.0,0.0,0,234.76949757627233,0.0,0.0,0,52.882644254535386,3.888847918880411,33.80410519139339,1,Drive
545,5.440071335276452,16.342729680234978,1.5344338637228214,88.45889522875152,1,17.74431125613187,0.6639979534628907,44.22944761437576,1,16.561527651619837,11.576161510625829,0.0,1,32.344997133643965,3.426305279567615,0.0,1,29.489977874615988,0.0,0.0,1,102.40172862774254,0.0,0.0,0,34.903104574927404,3.446540103223792,68.08442290358659,1,Bike
546,5.2811468476537575,13.159490109250987,1.3303511706204598,51.979133600440434,1,16.427898363414897,0.6388769018239747,25.989566800220217,1,18.23234035364427,12.588756686595012,0.0,1,27.607044500593027,3.410662636420078,0.0,1,32.20070380025939,0.0,0.0,1,118.27107658046287,0.0,0.0,0,27.63521919388537,3.028059690453374,6.402141712680494,1,Drive
547,1.575372809047914,7.055215627306969,0.41424029751434055,88.88905353549396,1,9.833893976796068,0.18829351581975098,44.44452676774698,1,10.162235401417561,6.167285877368158,0.0,1,17.350047645135255,3.003125250622329,0.0,1,12.829917150338261,0.0,0.0,1,33.94990262683739,0.0,0.0,1,20.415866684838985,2.781296283701776,29.320285473936288,1,Drive
548,12.465464588787478,27.775620725995115,4.02457426915889,145.14523781283611,1,33.2579400758941,1.2817140765547406,72.57261890641806,1,39.28429554598706,28.86024152724855,0.0,1,67.90918982041575,3.033400631805761,0.0,1,79.96153170983703,0.0,0.0,0,250.19824668251505,0.0,0.0,0,45.36862002662952,3.8834800709540493,28.819870021840828,1,TNC
549,3.824776769807754,11.01205001536526,0.8818036183974608,150.56807958522825,1,14.265573713681015,0.5314505210114869,75.28403979261412,1,18.396273024971443,9.78845214351985,0.0,1,26.88880382691671,2.9258129069752683,0.0,1,22.427550996089984,0.0,0.0,1,76.10749742839003,0.0,0.0,0,27.93120496028482,3.110634952718025,37.052689741930756,1,Carpool
550,4.155343573322186,8.688809557856445,1.2874204108211658,123.39938493616846,1,18.438602930873753,0.47273823960534517,61.69969246808423,1,14.986021694063973,11.917003603097447,0.0,1,28.046556018483447,3.1697813644721644,0.0,1,28.014726127446057,0.0,0.0,1,90.79792406228815,0.0,0.0,0,25.167659872135083,3.2025843673385865,5.325654290708882,1,Drive
551,11.083658236500774,26.183310396526768,3.4551263534025956,106.62045980038839,1,24.386948442332212,1.3545050387412352,53.310229900194194,1,33.849984149622635,19.612442460524665,0.0,1,69.64076996385407,3.1959509278603018,0.0,1,70.72149547425346,0.0,0.0,0,213.1950784625926,0.0,0.0,0,51.58630946280487,3.436968034335631,26.104182161823154,1,Carpool
552,3.4480784546238032,9.780770455978685,1.0569864659944568,174.19478450157573,1,14.086328534434003,0.4185979902411089,87.09739225078786,1,12.73826732157861,10.408475051889399,0.0,1,27.912464705386675,2.8999176328429743,0.0,1,20.639329715973897,0.0,0.0,1,70.04893063970412,0.0,0.0,0,33.0006035795412,2.5086620536696906,47.31291653475928,1,Bike
553,3.668612604789201,11.395526632371595,1.3478836232867912,146.6710573468836,1,15.212772882778125,0.4511123113373634,73.3355286734418,1,14.655929986181668,8.27052439343557,0.0,1,23.345046896313832,2.8674770203241513,0.0,1,23.501646636177107,0.0,0.0,1,71.60212030672808,0.0,0.0,0,27.269683214248953,2.659578335218293,57.084118314218486,1,Drive
554,8.098741233528509,22.90416500800382,2.3592160278280123,143.9600719397874,1,27.79412644537067,0.9497985443545638,71.9800359698937,1,26.4708991694365,16.558888849295034,0.0,1,41.3236714251796,2.8435951117645777,0.0,1,50.88915018854797,0.0,0.0,0,143.63773880961386,0.0,0.0,0,40.9170389293675,4.1759044210443825,40.29337121780188,1,ParkRide
555,3.445153157391686,10.183039783746475,1.1130736779879369,165.38722119250735,1,14.093463994267493,0.40669379734529043,82.69361059625368,1,12.23653370316781,8.036802523585372,0.0,1,25.75730859987314,2.286795570604141,0.0,1,24.958685832909907,0.0,0.0,1,77.0201652644786,0.0,0.0,0,23.94891971917307,3.190037600104361,22.55448117544576,1,PublicTransit
556,3.880611878848396,9.951230804962643,1.1891712096431752,62.83200477061378,1,15.934368603388393,0.4346499567668515,31.41600238530689,1,15.301735749473897,10.261691261538495,0.0,1,27.32092427673291,2.4846016113533693,0.0,1,26.49035086108817,0.0,0.0,1,71.8607738432106,0.0,0.0,0,25.159417574865362,2.5053270321581973,64.00909339844114,1,Drive
557,2.6167506790592716,10.098665301839642,0.6936706412923672,168.8144706975024,1,12.664388741083338,0.2787512738443045,84.4072353487512,1,14.87392200759856,6.658812925246676,0.0,1,21.583449093717448,2.721748187526652,0.0,1,20.15089941380285,0.0,0.0,1,51.85362830901501,0.0,0.0,1,20.614075121405584,2.5059932575373165,31.713359564694855,1,PublicTransit
558,2.6053731745144852,8.196064565991234,0.8220459586835404,51.53090963960594,1,12.588508649219165,0.3428725506052081,25.76545481980297,1,13.629292932311499,7.111865857213184,0.0,1,19.19706078153325,2.9359292013212834,0.0,1,15.266241265749107,0.0,0.0,1,45.80769762363839,0.0,0.0,1,26.123153870408903,2.0844994146214018,29.639295911412567,1,Bike
559,11.83289267012051,26.342567859959228,3.633519828416892,191.42959935985135,1,30.368127498929056,1.4164326338418363,95.71479967992568,1,35.886989312818386,22.444840202094408,0.0,1,57.15837053462306,3.072388431489824,0.0,1,84.84393884927512,0.0,0.0,0,213.74438918968016,0.0,0.0,0,49.13025001137811,4.001859600730164,10.121437505052363,1,ParkRide
560,4.7961226596752455,10.484041378832412,1.2814349263088707,211.7677993058538,1,14.113774686597097,0.5539239796023718,105.8838996529269,1,15.342606001655835,12.191876695217273,0.0,1,30.298370711611824,3.369288264046854,0.0,1,31.55641619544345,0.0,0.0,1,97.91220252203797,0.0,0.0,0,31.846458501761724,2.7071717813769323,12.3490233729056,1,Drive
561,3.3739400791175345,10.753129681559049,1.0336425396654356,43.365837925090936,1,13.0728028961982,0.4360273709473856,21.682918962545468,1,14.081865375852654,8.145163093676583,0.0,1,27.005669229121942,2.8476745148987814,0.0,1,21.24114660719426,0.0,0.0,1,65.0074493730771,0.0,0.0,0,22.57358000233296,2.821913905078062,9.698055226028673,1,Drive
562,0.980234042856308,4.715226351291089,0.32499277404495597,105.99361769127816,1,7.735390518438691,0.11517148372705004,52.99680884563908,1,8.453197900112214,4.787638838111397,0.0,1,15.594076059330796,2.363191984377628,0.0,1,8.754046130122987,0.0,0.0,1,17.21373213207614,0.0,0.0,1,21.515635230636587,3.4544878675712356,64.99791540961206,1,PublicTransit
563,9.435009354349093,20.1604150791087,3.1522520806906784,67.89080816026393,1,27.207636899116117,1.1961598955451092,33.945404080131965,1,25.177174976052417,21.630013716751595,0.0,1,56.27829308585357,3.076025625981894,0.0,1,62.33231004011508,0.0,0.0,0,152.35368617922734,0.0,0.0,0,41.37634980040247,3.648810742843903,16.937037548232546,1,Drive
564,6.225619448455954,12.71243583127017,1.688519273671069,102.47549101675071,1,18.633894130320158,1.0494063913022589,51.237745508375355,1,20.196043916149055,10.209310090205166,0.0,1,35.83658656005907,2.859295833314286,0.0,1,37.22654293413041,0.0,0.0,0,113.20274803032886,0.0,0.0,0,25.643151232201824,3.5665860806355565,16.709290141842366,1,Drive
565,2.266979247671596,8.120893813205353,0.6437657168420192,52.22293144716605,1,10.14949586127668,0.23564595573389907,26.111465723583024,1,12.923202885014897,7.578701063787836,0.0,1,21.510995863974998,2.862651748612253,0.0,1,15.382677614373332,0.0,0.0,1,48.03176469609631,0.0,0.0,1,21.66918904516338,2.9827636501778367,36.32237230167535,1,Bike
566,5.980838095451427,15.915977137160565,1.5005887461691811,135.3085216332649,1,23.2252637490334,0.7547538037188185,67.65426081663244,1,21.373473144845534,11.824246809088297,0.0,1,38.640436053972415,2.979846839669355,0.0,1,38.322361054891275,0.0,0.0,1,125.41252335760545,0.0,0.0,0,31.410510646965594,4.495062908831255,67.42993869992426,1,Drive
567,6.524883903483918,17.794133296772817,1.9097496070382591,211.99712461673053,1,24.491632854473554,0.8998935711508842,105.99856230836527,1,23.042572620316886,14.662374099337862,0.0,1,35.523123520428754,3.0278842762192095,0.0,1,39.31598967920564,0.0,0.0,0,138.78980658198205,0.0,0.0,0,30.523674249530735,3.098613952917648,28.92608663506296,1,Carpool
568,4.41399886543078,13.069486321677665,1.2949775692793273,77.52561948655261,1,18.75599766002962,0.5584716784284369,38.76280974327631,1,16.116506416606732,10.87486229001185,0.0,1,29.696931032139805,2.7291526058403437,0.0,1,31.02687124300543,0.0,0.0,1,68.67649650111132,0.0,0.0,0,21.962895541583016,3.361440821433649,17.183810585036614,1,Drive
569,1.8245503807378647,5.775022205419196,0.6157430233002039,127.6194890453019,1,8.80359027029817,0.23790558155721528,63.80974452265095,1,13.298618223449704,4.91752089140226,0.0,1,17.471800421905677,2.602320437141509,0.0,1,15.14207280198098,0.0,0.0,1,36.784259584118736,0.0,0.0,1,18.116653436386542,2.578549733382721,62.790234784113615,1,PublicTransit
570,1.78876697103752,6.642901682779001,0.5811530339037085,213.903568032363,1,11.95445474110973,0.22981458037524638,106.9517840161815,1,10.845305114782162,5.821529700678999,0.0,1,21.92514322105397,2.783744597361256,0.0,1,11.962747677985405,0.0,0.0,1,31.241798297231018,0.0,0.0,1,19.859992040178792,2.47189815017385,56.71925013203253,1,PublicTransit
571,2.958109299922058,11.549047103207812,0.9667152223594296,55.90782326250498,1,12.409248074561802,0.3849972705307696,27.95391163125249,1,14.065678697612253,7.554047416869411,0.0,1,22.999209680031903,2.5952403987574515,0.0,1,23.92544227009564,0.0,0.0,1,58.49879603871221,0.0,0.0,1,24.547391123045575,2.716791286936591,50.508096824287946,1,Carpool
572,10.757141296521448,26.11246198072734,3.3384940763139173,169.66113113035152,1,30.968075321093142,1.1486574619442635,84.83056556517576,1,25.04227092897077,21.77889346553829,0.0,1,45.858762735711785,3.4875247190971583,0.0,1,74.40854088824676,0.0,0.0,0,216.63215985421556,0.0,0.0,0,48.93892018279794,3.70572292660514,8.609863849379739,1,Drive
573,9.218564986219624,22.593095242100638,2.7845218195480888,189.28622304740165,1,27.534155325349936,0.8924445005891044,94.64311152370082,1,29.722981544518852,18.96263094558765,0.0,1,50.349470778097114,2.742537393417626,0.0,1,53.634345394565784,0.0,0.0,0,206.61484529577336,0.0,0.0,0,39.51717443173402,3.6604308560053243,67.92699212770476,1,TNC
574,8.754982188369224,19.042459278683207,2.7157550577960228,92.37053834290003,1,23.81411202071935,0.8096053235297029,46.18526917145002,1,23.951582506258415,21.069395018855534,0.0,1,50.21780199183429,2.7297367337397755,0.0,1,60.27817557685789,0.0,0.0,0,155.71346763877884,0.0,0.0,0,43.749612388369414,3.2201992194955955,57.851898465520776,1,Drive
575,4.265563871055056,11.088611259754774,1.304403575602064,59.85973658755681,1,17.30580660748967,0.4153907319867985,29.929868293778405,1,15.59941369544488,10.36561399774488,0.0,1,29.115758287205512,2.777825372505302,0.0,1,29.372033537496666,0.0,0.0,1,80.42489513653193,0.0,0.0,0,25.562457485472414,2.9043919407244236,28.418249517471367,1,Drive
576,5.529169349214638,16.140537865846195,1.7222731392682284,72.31609909386184,1,19.365445863445867,0.5559270109405648,36.15804954693092,1,18.737160810609797,12.274741105337423,0.0,1,34.95230472256872,2.7704797343477723,0.0,1,36.60403723339771,0.0,0.0,1,124.2789501611971,0.0,0.0,0,29.279809148382164,2.922461220478685,6.5702988787838965,1,Bike
577,2.9370720421729124,8.458870835152375,0.885880617133042,59.09974370383456,1,14.630085104154022,0.32857165076014194,29.54987185191728,1,12.689464076175659,8.32846704716249,0.0,1,26.13560398929946,2.8546146397423695,0.0,1,21.15500863196283,0.0,0.0,1,54.808817250140166,0.0,0.0,1,20.41134894446,2.8598223123318136,65.15434362234367,1,Drive
578,9.885970532466299,24.525838344121325,3.2526483416282734,171.30675953140423,1,29.20796201097162,1.3802858942315184,85.65337976570211,1,27.48820319444453,20.454901856622243,0.0,1,55.6968486233225,3.471281031583194,0.0,1,64.41431266753426,0.0,0.0,0,152.23538152509636,0.0,0.0,0,38.655283778450126,3.696478978609867,47.74159214104762,1,PublicTransit
579,4.78312416205163,12.284960594705781,1.5647236388736274,210.1155147289328,1,15.325344783493904,0.509546924263846,105.0577573644664,1,16.024839208384762,10.567802489291429,0.0,1,27.796453173561112,2.727005089374481,0.0,1,29.84777978625947,0.0,0.0,1,88.24841334252324,0.0,0.0,0,30.737688038003107,3.4516852983293993,62.89339678972171,1,Drive
580,7.4234362511985506,19.243723513755064,2.5802361366215423,126.6085211432947,1,23.027692169772635,0.9694899872924454,63.30426057164735,1,23.43030138550471,15.77692045291849,0.0,1,38.58259979105088,3.234173789999601,0.0,1,52.34306576856543,0.0,0.0,0,131.38938597014018,0.0,0.0,0,43.90122110152062,3.298593582154199,38.71255799505688,1,Drive
581,3.1818208843316245,9.921397773853359,1.036744959578653,160.70737173710955,1,14.572443495994602,0.3777810875787137,80.35368586855478,1,14.642296348256725,8.297674947238406,0.0,1,19.61472571498589,3.0527658358641925,0.0,1,20.11134414247777,0.0,0.0,1,74.32427225058096,0.0,0.0,0,22.25675947851317,2.6461609845442013,8.058226762479702,1,Drive
582,8.066135374862478,22.30624518338671,2.4856502491862207,145.284703243989,1,24.701795498079978,0.9647227036662015,72.6423516219945,1,23.43276360846947,17.867031210151783,0.0,1,41.85688531768576,3.1759225252290033,0.0,1,60.037013221827785,0.0,0.0,0,180.85661830954024,0.0,0.0,0,37.18240304269474,3.491104551915174,24.724289382483406,1,Drive
583,3.6734644319544842,9.757542603387558,1.1316652131135274,137.3790602134742,1,15.59156020862282,0.41469535262283846,68.6895301067371,1,13.258584406304958,9.235693837002453,0.0,1,25.04002163683816,2.509487942094229,0.0,1,29.021552329125374,0.0,0.0,1,89.31274318126327,0.0,0.0,0,27.22567537924996,3.1315190951014515,10.166400730145217,1,Drive
584,3.6106176804373296,12.450125284515504,1.1455873583079434,71.87479306064056,1,15.727275832176915,0.4179125107478568,35.93739653032028,1,12.530892594235095,9.125743674185422,0.0,1,29.227848274445446,2.8274053909917605,0.0,1,23.903840718474868,0.0,0.0,1,70.26549251894255,0.0,0.0,0,26.423130611963423,2.7656850441395098,60.1442617555413,1,Carpool
585,5.444543534748488,15.66017507708859,1.7939851209483955,121.16765431910908,1,20.354422763761402,0.5850122452426844,60.58382715955454,1,15.657215326401877,13.254815330014951,0.0,1,33.32977099662885,2.8777410304187465,0.0,1,33.1937146005267,0.0,0.0,1,133.40550525626122,0.0,0.0,0,28.25284173944706,2.926764993438421,18.62543563250164,1,Drive
586,2.973526938070136,9.074273221081695,1.0633967204034762,107.52204548714278,1,11.720702484189196,0.3032646430586452,53.76102274357139,1,14.031803379621358,7.565108859428396,0.0,1,21.921707334539068,3.3439029704072447,0.0,1,20.039494723289852,0.0,0.0,1,52.97960026515324,0.0,0.0,1,27.8223200214501,2.917757508631966,52.60402317025108,1,Drive
587,10.32524514914404,27.58716790209646,3.4374747516067856,173.44224654809506,1,35.81894108692697,1.3863670440968654,86.72112327404753,1,25.904012923829228,16.840438005500868,0.0,1,66.67890170545755,3.111326984104487,0.0,1,73.24367018205258,0.0,0.0,0,229.26893244280612,0.0,0.0,0,42.70427176813747,4.318747524718367,59.58295544496934,1,Drive
588,5.634016083849063,16.88846910583558,1.5726920232473685,49.65458759594234,1,22.182197422520566,0.6885893906043188,24.82729379797117,1,22.984072845040043,12.613348217130309,0.0,1,30.06078230885592,2.553487387603058,0.0,1,39.43106997938459,0.0,0.0,1,117.88874689985448,0.0,0.0,0,40.51984533121502,3.1231022809829754,24.792359573128106,1,Carpool
589,2.8792324557617297,8.01706406024784,0.8353686206310904,144.32545955159964,1,13.059521557385732,0.3625747089289678,72.16272977579982,1,13.110064877167861,8.475063075466746,0.0,1,25.02508007394349,2.811300361442608,0.0,1,17.249014200990175,0.0,0.0,1,68.66135852107226,0.0,0.0,1,22.161749466250736,3.1329315496707513,61.61235741440633,1,Drive
590,9.302139057733537,25.159807208599467,3.3086016478089166,160.52650744927092,1,27.283051714526056,1.083751493771827,80.26325372463546,1,30.61457175753309,17.69835579367815,0.0,1,48.7821303553187,3.233084791127548,0.0,1,59.675375550536934,0.0,0.0,0,192.43951083427856,0.0,0.0,0,39.655714555645986,3.779729049804699,53.21165365605098,1,Drive
591,2.890640695862327,8.198816410593459,0.7207508100601967,130.95522582768422,1,13.608130548081364,0.39409858111373225,65.47761291384211,1,14.228354256751095,6.18613399533192,0.0,1,23.674771997116014,2.3284182087127285,0.0,1,18.38953179776602,0.0,0.0,1,59.94401688224998,0.0,0.0,1,27.344357851507155,2.9895652165064375,20.742215685810873,1,Drive
592,13.02833254242992,30.19823109566375,3.6234555691231836,140.6474744187256,1,36.040833197361465,1.779898547232016,70.3237372093628,1,36.6280235669426,29.821265907682275,0.0,1,70.85934990531543,3.521198697452501,0.0,1,84.11631809126509,0.0,0.0,0,269.72022972078577,0.0,0.0,0,60.50131548591002,4.149485417283844,14.848456167617739,1,PublicTransit
593,4.796448842208049,14.535880013485704,1.56932248619451,65.39003821383517,1,16.940658048953168,0.5928335694023855,32.695019106917584,1,18.070025437700764,9.840113413319186,0.0,1,33.94826237137372,2.8691318369150385,0.0,1,35.98865904254087,0.0,0.0,1,89.02605342394907,0.0,0.0,0,29.318187019260357,2.811409841952999,64.63694395715554,1,Drive
594,4.070403252456311,12.541452672597844,1.494109832079447,167.3184967953605,1,14.842132914834226,0.5464125509927402,83.65924839768024,1,17.54741777208254,9.85392092570161,0.0,1,26.99974363606764,2.3994656675669077,0.0,1,27.876867535175094,0.0,0.0,1,89.49047877409798,0.0,0.0,0,27.639044212682016,2.6323525872829623,4.710820454821691,1,TNC
595,7.411767300640977,17.458774812284993,1.959775853276959,46.094567980081045,1,25.246272875680443,0.8435045569775828,23.047283990040523,1,24.07151581272905,13.483999843442872,0.0,1,39.50608734084074,3.0613616971383775,0.0,1,42.58032139352717,0.0,0.0,0,151.072862564242,0.0,0.0,0,39.87309795354179,2.8939014781638135,8.908959196641232,1,Drive
596,11.415859723017334,26.74629125983332,3.269865086460489,166.70176871749138,1,38.26831442756832,1.3425403950702388,83.35088435874569,1,30.626201997308296,20.848446924665772,0.0,1,53.74197047419941,2.5408146288557667,0.0,1,56.45448631603752,0.0,0.0,0,243.70967784047156,0.0,0.0,0,39.427792106350466,3.9109034488779657,39.33281659679142,1,PublicTransit
597,21.08989974652563,44.62672390685319,5.794811107213737,102.7173006324654,1,51.678376049998,2.075430013099833,51.3586503162327,1,63.24644365367535,39.30318032064261,0.0,1,98.55281324106487,3.477146400535195,0.0,1,117.23281668042543,0.0,0.0,0,426.95037037349044,0.0,0.0,0,97.87476414405384,5.207177801280946,11.955970406576137,1,Carpool
598,1.3955303545611801,6.265377460336968,0.4146649932432139,71.09604045721953,1,9.488091402232412,0.1646138103386447,35.548020228609765,1,9.843337055379804,4.5513434186585675,0.0,1,19.091260515774913,2.5442269581164636,0.0,1,9.845977314459052,0.0,0.0,1,30.675923845188766,0.0,0.0,1,19.690733043015936,2.591720943444579,44.94287312102759,1,Drive
599,1.7434992098947448,7.220880327184226,0.5082542623578912,50.00675133335682,1,9.065066492892527,0.2175230114581146,25.00337566667841,1,9.377300638913155,5.7142384318489885,0.0,1,20.446673228295946,2.6677375201957245,0.0,1,13.659132913115519,0.0,0.0,1,34.75283188113563,0.0,0.0,1,20.145195835361342,2.59026228327625,34.448604887677774,1,TNC
600,4.662267400056514,16.285135040310966,1.3606522795213327,192.39076161320395,1,18.666675503361173,0.5164178361682411,96.19538080660197,1,19.74606518160807,14.038474653807215,0.0,1,23.927313173498078,2.8045321083120363,0.0,1,30.044359322156215,0.0,0.0,1,93.36745994475663,0.0,0.0,0,28.4661321780028,3.0716850027458986,3.828099447753599,1,TNC
601,6.6690301647533845,16.71264267131082,2.3534325679482495,168.27013438779372,1,24.009652879370645,0.7076672352394613,84.13506719389686,1,23.185669091015818,13.625490439783727,0.0,1,40.563587072976325,2.5603971761128044,0.0,1,36.110457179029,0.0,0.0,0,133.64270076661825,0.0,0.0,0,39.20040039269883,3.320087073905781,29.74928276744218,1,ParkRide
602,22.00404839171638,49.18491140292518,7.178454763809688,147.00772064248537,1,44.559288453990746,2.818444348525942,73.50386032124268,1,41.11951914949512,39.700111982200795,0.0,1,100.1601914470295,3.763370578815754,0.0,1,149.83982652538188,0.0,0.0,0,388.1230354841129,0.0,0.0,0,89.8563976505995,4.907266205234259,55.40399371100035,1,Carpool
603,19.947749585200533,53.33712436028515,5.985931044813465,131.35505330859428,1,52.32759682162405,2.333499872921801,65.67752665429714,1,46.42017972371912,42.90916848215824,0.0,1,90.5852662562892,3.288671909866957,0.0,1,135.99439465403591,0.0,0.0,0,400.67372591395883,0.0,0.0,0,77.34511542376701,4.307536139884077,27.287271671047638,1,Carpool
604,4.527505733683936,10.62255321110569,1.580263485596132,211.98510076132558,1,18.26933506735759,0.44789523501425854,105.99255038066279,1,15.965762874134072,12.225662228974736,0.0,1,34.07342808434713,2.4734935125631283,0.0,1,26.357195320194894,0.0,0.0,1,86.55901531652117,0.0,0.0,0,30.72490322558025,2.5914523851924773,39.44874084647273,1,PublicTransit
605,7.842730974831809,19.810431977858325,2.4348288697464926,107.67722722393796,1,20.957683613059444,1.0764882753294316,53.83861361196898,1,25.639500620921265,19.137128745844798,0.0,1,43.01610475223095,3.342999385667136,0.0,1,54.81323921272095,0.0,0.0,0,171.85663792088422,0.0,0.0,0,34.5325464513934,3.8304735623422435,56.874222379485786,1,Drive
606,14.805632325247581,34.317499724134336,4.814278080584811,218.08928417346533,1,41.62243284394677,1.8669512965935207,109.04464208673267,1,37.44262103464245,27.982527874124685,0.0,1,74.21776805525788,3.3955811705119987,0.0,1,102.45953512313984,0.0,0.0,0,308.74061760103194,0.0,0.0,0,63.381192440705206,4.6435370341741695,66.16235799539082,1,Drive
607,4.4137862323414305,12.974067111254216,1.338565049886261,142.72691765621533,1,20.621358128939036,0.5681714978947956,71.36345882810767,1,13.52054474082449,8.599020555569533,0.0,1,28.97245725836518,2.7805224455634128,0.0,1,28.4594319134245,0.0,0.0,1,81.71125059466884,0.0,0.0,0,29.48008167286667,2.7171548500332596,39.35042139477532,1,Drive
608,1.9412906898501496,7.812939732854223,0.6204875088568031,64.01229294375142,1,11.005279486325067,0.2445270270778356,32.00614647187571,1,10.740719432745065,5.956166352968519,0.0,1,19.42546611151813,2.769699767719366,0.0,1,15.093212526558984,0.0,0.0,1,38.51277935417744,0.0,0.0,1,21.80006765677482,3.2487328063574346,49.407781013624806,1,Drive
609,4.574608287738275,11.98958794556994,1.3621794801020553,167.99246152839936,1,17.95673064389701,0.5950537910415988,83.99623076419968,1,16.542492918335224,10.406377117471694,0.0,1,33.004357343299375,2.633955395122718,0.0,1,31.548102967621293,0.0,0.0,1,104.58724804815245,0.0,0.0,0,31.738265962990862,3.020282390658018,9.17252307726326,1,Carpool
610,7.419769248423774,16.62670598566592,1.7923499777066396,129.57833126379057,1,26.88879860874057,0.8744269461154789,64.78916563189529,1,20.411264943430428,16.196658292452238,0.0,1,35.416148333105575,2.552704313403469,0.0,1,40.2743956448971,0.0,0.0,0,144.93364853556037,0.0,0.0,0,40.07156579692674,3.7705648113226338,43.30484135436594,1,Carpool
611,8.916928389345726,22.07782987099461,2.611424765127017,125.7868560324004,1,25.76669756541117,1.2228087421294342,62.8934280162002,1,26.32405206751018,20.044635052363354,0.0,1,46.54883524562735,2.745397822071341,0.0,1,47.60316617254901,0.0,0.0,0,168.94671806746163,0.0,0.0,0,41.303891807491006,3.6489512613646244,28.48531822280008,1,Drive
612,9.009068717535156,19.571615248702162,2.481438267347466,190.8316039566081,1,24.111584986046005,1.0123293841725685,95.41580197830405,1,30.975041130844502,19.024956310797215,0.0,1,40.18364436777892,2.881199365778156,0.0,1,56.20035277192274,0.0,0.0,0,184.40127405394765,0.0,0.0,0,44.752539077672836,3.7022921094665513,28.903488832029495,1,Drive
613,6.846424811864691,13.715901316651445,1.8068159976331526,46.512067945021585,1,29.102411287972412,0.8091675859077878,23.256033972510792,1,23.254933105296217,13.873524937245676,0.0,1,39.394224963748705,3.009457263824326,0.0,1,56.37581806217341,0.0,0.0,0,134.7681348679146,0.0,0.0,0,26.83040737585385,3.484787198015617,60.550077550455974,1,Drive
614,8.077635390475832,19.761762281504033,2.3165163394612143,76.10069798058116,1,26.637321325650706,1.0931656070013467,38.05034899029058,1,27.248373734216766,18.33143658440877,0.0,1,39.29165385235931,2.478796290220968,0.0,1,51.630950784129354,0.0,0.0,0,167.0990384184338,0.0,0.0,0,37.706676475601974,2.8616518260406942,44.825430269890596,1,Drive
615,1.3423813718923292,4.797528296011515,0.3825579823678145,80.80847335930747,1,8.828227633004209,0.15727120251016,40.404236679653735,1,9.23419789089545,4.551778471059043,0.0,1,16.163736190281057,2.797139508409926,0.0,1,10.789952279396676,0.0,0.0,1,24.926853451740648,0.0,0.0,1,16.731404565566017,2.5100229194957913,47.502638567028306,1,Drive
616,3.628518223070684,10.622462346404392,1.1303088914638015,204.21194739696523,1,13.68686792302391,0.4422262214632431,102.10597369848261,1,14.539773635192144,8.602231443230226,0.0,1,28.87700769572758,3.1961840841829963,0.0,1,20.311670713351074,0.0,0.0,1,80.6619941441747,0.0,0.0,0,24.404239590721165,2.671585039298719,37.08067498013297,1,TNC
617,4.166221173706952,13.871878428581335,1.3547304945609322,128.371589097191,1,15.616388171632268,0.3937048464069474,64.1857945485955,1,15.895976313004436,9.275816684599379,0.0,1,29.882224147448408,2.7342004939454765,0.0,1,30.505419685882757,0.0,0.0,1,82.59166341714682,0.0,0.0,0,31.12549639249553,3.732646905639268,50.97530332031303,1,Drive
618,2.5231449874492853,7.045882099019036,0.648755108935104,47.83694399019047,1,12.52331435960808,0.3325262796756978,23.918471995095235,1,11.320529933334619,7.191559964933286,0.0,1,22.505201327143997,2.4224966767683758,0.0,1,18.107083854297507,0.0,0.0,1,45.91574078445844,0.0,0.0,1,22.73962382000811,3.1563619338181486,15.714127576669558,1,Drive
619,12.104966159069134,27.011447271746196,3.6000651630393046,59.821659927161974,1,29.564006293907486,1.3901426600247542,29.910829963580987,1,29.88819441995045,26.48315860283246,0.0,1,55.22605819834556,3.0987548117055463,0.0,1,74.16433880971196,0.0,0.0,0,235.18707720230117,0.0,0.0,0,48.641210649408066,4.060466265458718,31.739272178638068,1,Drive
620,12.608633204336629,28.475406417570536,3.8636240428609336,174.31793179956495,1,32.38102320760693,1.8737282368614692,87.15896589978247,1,31.655496918527735,25.90792518490646,0.0,1,64.92674338193609,3.0102674180807965,0.0,1,71.40207672003616,0.0,0.0,0,221.73282164651425,0.0,0.0,0,57.09760519946079,3.454212242489124,19.997548691397732,1,Drive
621,2.14830431265796,7.6482317306195275,0.6357588760027721,65.41842523527342,1,11.039636081422131,0.27262110546882823,32.70921261763671,1,9.531967875376813,4.881725199487543,0.0,1,21.52830175298541,2.926494498617242,0.0,1,14.17566700890839,0.0,0.0,1,42.86094333800045,0.0,0.0,1,20.618773144097272,2.2117842918075548,29.02820555846244,1,PublicTransit
622,9.915801430226692,25.14013192704577,3.1534559218846767,188.63324939603362,1,25.14322736589589,1.0244020525513309,94.31662469801681,1,24.61580338660234,22.1385544598912,0.0,1,55.333128335752434,2.966354206673183,0.0,1,58.97718141000533,0.0,0.0,0,192.67533003421315,0.0,0.0,0,44.49358425231457,3.597954410548004,30.438183803446524,1,Drive
623,2.6343923161073484,7.789332866691941,0.730606517449584,172.73981687540558,1,10.694914352936337,0.28895756944575185,86.36990843770279,1,11.562727963296599,7.585432972653396,0.0,1,20.037007493410474,3.009331324942956,0.0,1,18.34357122780444,0.0,0.0,1,53.625436356876875,0.0,0.0,1,22.39856671319115,2.614924694827128,64.75143454706217,1,Carpool
624,3.232372937763502,11.54681241912602,0.9398008003132732,192.92323324799204,1,12.410694898665456,0.3641340104248028,96.46161662399602,1,14.008717143758565,8.18996549879754,0.0,1,26.382210182206272,2.95794999962556,0.0,1,24.49619336945355,0.0,0.0,1,70.84667759926128,0.0,0.0,0,20.524162984931362,3.065157000480586,39.108239572248245,1,Drive
625,8.716096832896218,18.784232073982075,2.7280643886863194,197.85834203205735,1,25.23050466272842,1.1195386606705133,98.92917101602868,1,22.6454408271081,19.344510600712418,0.0,1,52.20388898472331,2.768688209642904,0.0,1,53.62980347644285,0.0,0.0,0,171.6653493870938,0.0,0.0,0,43.3137142024649,3.390753697919133,33.18347364338125,1,PublicTransit
626,2.7804614585832654,9.172863863138286,0.8285691818837292,173.45278663249013,1,11.904847384404203,0.3657358219551766,86.72639331624507,1,13.836910498101803,6.884410310289558,0.0,1,24.569958452189564,2.5972238690370966,0.0,1,19.087346319958872,0.0,0.0,1,50.88603009501666,0.0,0.0,1,21.685169520707948,3.3475627823533176,50.776058711930396,1,ParkRide
627,3.0729426233306842,8.036484179623654,1.0097896741737797,74.13381489266132,1,13.185937150158672,0.46460222985734156,37.06690744633066,1,13.53064828618616,8.922138220145206,0.0,1,21.584534453262137,2.4223191588012885,0.0,1,20.817869566465244,0.0,0.0,1,61.02339832033235,0.0,0.0,0,25.553793739169517,2.8994225187989002,60.67608808768787,1,PublicTransit
628,8.259911660204795,18.870450183558745,2.745102638006432,69.40490656028946,1,24.561653159177972,0.9880715165735988,34.70245328014473,1,20.48705757147725,14.821480616405243,0.0,1,41.41051101559686,2.9132405830077888,0.0,1,60.4603318400162,0.0,0.0,0,151.9520440808796,0.0,0.0,0,37.3229510437944,3.1161816242817437,58.408623465014045,1,Carpool
629,4.671342363943026,11.843450817395402,1.528162246141795,207.64174024744156,1,15.883511551103808,0.46723696574763773,103.82087012372078,1,24.870425310252372,12.686267281271748,0.0,1,28.334267025615976,2.7057781948785062,0.0,1,28.16127277726318,0.0,0.0,1,93.97098617933844,0.0,0.0,0,26.99350241073418,3.128767711952036,20.451679340628072,1,ParkRide
630,1.741101084364259,7.314744684022748,0.5757527776436587,201.42244614587307,1,11.596679835259009,0.2383344892847907,100.71122307293653,1,10.118312277990919,5.285108429441905,0.0,1,16.355424424930845,2.364259636591052,0.0,1,11.597940699157208,0.0,0.0,1,37.718102117040196,0.0,0.0,1,19.322979712645832,2.397866551846469,50.223641149122656,1,PublicTransit
631,4.034241366660126,11.966791943415283,1.2027810768711042,136.64295869482166,1,16.714406577250042,0.4757635200834181,68.32147934741083,1,16.206249154263524,8.994665545937995,0.0,1,25.69126980644831,3.223692516629224,0.0,1,28.028606196246923,0.0,0.0,1,84.71236085387655,0.0,0.0,0,33.23186912503395,3.2242913345200446,43.52681181874745,1,Bike
632,3.1501259445282446,8.523061230499414,0.9837774219625467,64.80149201136668,1,13.396844214627674,0.3968361593112325,32.40074600568334,1,12.544147320650136,7.284625371510295,0.0,1,23.244916904815497,3.116181589388427,0.0,1,19.123811095535977,0.0,0.0,1,61.32458634686994,0.0,0.0,0,24.69562928357788,3.1658622248696386,34.53394082033123,1,Drive
633,9.925553467908031,22.563242943187078,2.572177824649113,175.1089737953563,1,26.40869273313022,1.3420662870425284,87.55448689767815,1,27.697971274656112,22.020921823985958,0.0,1,46.511289013771666,2.950644342108079,0.0,1,68.65523852591207,0.0,0.0,0,199.01341724956703,0.0,0.0,0,47.504432046383926,4.423001059847066,23.34916571053591,1,Drive
634,4.923656383470463,15.470702776090096,1.5763191912449728,165.98322810554697,1,19.547090874889648,0.5376731839858772,82.99161405277349,1,16.092729196938873,11.584441479695395,0.0,1,29.270108569656923,3.0713107613628585,0.0,1,35.88859990480875,0.0,0.0,1,115.06762656582299,0.0,0.0,0,30.283877902686893,3.4701720668802074,58.92078259875553,1,PublicTransit
635,3.5349772415112377,11.639655127717957,0.9811829485617651,140.60555001066507,1,14.09048180897748,0.5010792677986936,70.30277500533253,1,15.4115514559365,9.212140740874583,0.0,1,26.511687637817136,2.935677374295802,0.0,1,26.260670647716115,0.0,0.0,1,79.44197467682233,0.0,0.0,0,26.33725413104481,2.951695578988554,16.999138269200145,1,Drive
636,5.502082992670985,14.058181529114295,1.4980507264769078,87.78347707579948,1,21.081513400197313,0.6262161284791844,43.89173853789974,1,17.899491861679095,12.412360121818718,0.0,1,31.511335983614163,2.662786878952752,0.0,1,37.43428531364339,0.0,0.0,1,112.95326306265183,0.0,0.0,0,28.163546402152434,2.9529105972716603,19.015458117056493,1,PublicTransit
637,3.5868791395673685,9.36073088852908,1.2986305615929628,194.2360628476067,1,14.814556900655226,0.4035612539476739,97.11803142380334,1,18.174587525563897,9.116660482519382,0.0,1,21.762058136034078,2.715145253488375,0.0,1,22.601220724793215,0.0,0.0,1,59.34453989298965,0.0,0.0,0,25.96228652054647,2.6867206009784286,10.21785554302699,1,TNC
638,2.7202190662208,7.421277800401816,0.8266431694195325,42.763190628021206,1,11.109062932329604,0.3437948453185124,21.381595314010603,1,11.763190781551204,8.07626585135072,0.0,1,21.15739961745611,2.2971908094106155,0.0,1,17.074275154207243,0.0,0.0,1,53.384489054872816,0.0,0.0,1,25.409701500319095,3.0845252941136967,34.726727042046754,1,Drive
639,6.340813537972113,15.556856213873875,1.8382924016353397,94.39192265809653,1,20.245492426537968,0.5802942390335054,47.19596132904827,1,17.648201211560796,14.509084650172406,0.0,1,34.0848629829963,2.7122181544168016,0.0,1,37.64048528882271,0.0,0.0,0,118.6671325750919,0.0,0.0,0,30.045769649751254,3.4311363501235217,67.93591547215803,1,Drive
640,1.9046954693679448,7.133745415355167,0.6373441625879817,66.02731110992237,1,11.572664713888186,0.1886817941021221,33.01365555496118,1,12.80861733135985,6.170080537430377,0.0,1,18.640199321356715,2.579011057909486,0.0,1,13.677193786815334,0.0,0.0,1,44.70346607369251,0.0,0.0,1,22.666684425103085,2.9701941609841356,7.74062134217659,1,ParkRide
641,8.840205080134558,18.393366180119745,2.815638236177404,186.16329413296987,1,24.446538422105267,0.9522315582907344,93.08164706648493,1,26.388336463988406,19.903223093387563,0.0,1,48.3871329071036,2.54375909081137,0.0,1,51.24426773001953,0.0,0.0,0,215.56144201916499,0.0,0.0,0,44.10813718908505,3.6922044875251654,28.237781212558303,1,Drive
642,3.8014691683766,9.245220735946804,1.082902280515423,175.403964847893,1,13.26041791980512,0.4838014141415063,87.7019824239465,1,14.427514712099653,10.748928704778097,0.0,1,26.03780250511275,2.3159125242153293,0.0,1,24.373272129712465,0.0,0.0,1,74.1233557692749,0.0,0.0,0,27.199681583880828,2.5622640275908806,46.241981040349,1,PublicTransit
643,3.953687189719512,10.737259593954127,1.078730793168132,170.57567425313562,1,17.745479657054165,0.42795931852257524,85.28783712656781,1,13.897767094241672,9.519097961604151,0.0,1,27.02778473188561,2.7020908272725013,0.0,1,26.45454901392546,0.0,0.0,1,81.370629597857,0.0,0.0,0,24.733146830604998,3.075534520482963,23.325804589962555,1,PublicTransit
644,4.640099030339163,12.736865777095279,1.332999483750876,50.304470053738854,1,17.101499111560873,0.5675146119968026,25.152235026869427,1,15.340180651355347,11.44763537557364,0.0,1,36.190252420858165,2.513985318245193,0.0,1,38.32494741603683,0.0,0.0,1,98.06068880187861,0.0,0.0,0,34.629609159783,2.9422921130902973,35.70304314587014,1,Drive
645,3.1557605316719473,9.814252297689565,0.9590190699847261,118.7887814763944,1,13.36378958795809,0.4355812459780498,59.3943907381972,1,12.741811428145608,7.8498557105544995,0.0,1,19.192740655812432,3.0536173036844665,0.0,1,19.034743903574856,0.0,0.0,1,79.00486117282753,0.0,0.0,0,22.79080947860133,2.903690067738785,12.079209755990254,1,Drive
646,8.496946256956164,20.194531428974827,2.803678870591395,201.52829154253,1,24.675747462066873,1.0274606707540883,100.764145771265,1,27.776446933107778,20.866994911771762,0.0,1,44.63109417777919,3.0077690210071846,0.0,1,49.19055977983623,0.0,0.0,0,143.19969260829177,0.0,0.0,0,38.12165891442822,3.947997314909218,69.49183644793342,1,Carpool
647,3.8998325548826984,11.674103902977187,1.0800655204116731,157.6401397411209,1,15.213671230542278,0.43969005870004413,78.82006987056045,1,18.03499660940935,9.631371951234808,0.0,1,29.115580776951756,2.8090928389807255,0.0,1,24.299974934269255,0.0,0.0,1,83.32983299994018,0.0,0.0,0,27.047747799074266,3.57401228397961,15.687921896267985,1,Carpool
648,2.6089562051168182,9.78929870534026,0.8211514578106965,188.9179929837727,1,11.225861058450388,0.2765922949242885,94.45899649188635,1,13.520036188685705,8.184668463895063,0.0,1,18.455353388340377,2.3877842017320012,0.0,1,17.10478558451949,0.0,0.0,1,50.31017104287889,0.0,0.0,1,22.845262544465044,3.010548657320729,6.5950366429393625,1,Bike
649,5.949677024572628,18.195348604237072,1.8942143737618848,148.47267696895454,1,21.333899241228924,0.7659757661170201,74.23633848447727,1,21.467737726176654,13.593121187069105,0.0,1,30.79586560571143,2.9664046557831103,0.0,1,29.64324565559806,0.0,0.0,1,114.4667516798382,0.0,0.0,0,29.782467907775853,2.9037235602115503,60.26127760269016,1,Bike
650,7.925543503782587,21.363065755327106,2.5163582855345696,187.7778901601301,1,23.028747649152674,0.8599134385390578,93.88894508006506,1,26.255342793466745,18.941422320548348,0.0,1,41.68839301406617,2.7891386738594868,0.0,1,42.12440932296721,0.0,0.0,0,149.91688177485295,0.0,0.0,0,46.67255527625697,3.905012551824607,31.95441955782988,1,Carpool
651,1.6342974788142228,5.734869787755114,0.5038619473082695,73.52371547034556,1,10.391506330904566,0.2082082331101545,36.76185773517278,1,9.490723531396046,6.124314916093364,0.0,1,15.17939413393403,2.5967386252020845,0.0,1,12.010835613814985,0.0,0.0,1,27.99684531116457,0.0,0.0,1,21.3785171583374,2.7096609419254754,3.23680737777325,1,Drive
652,5.474578474355567,17.176081166070457,1.4747989084609534,171.68147208944129,1,17.786478584964726,0.6971574590753781,85.84073604472064,1,16.78134986490351,13.392607161319969,0.0,1,36.86815851764571,2.651347317693864,0.0,1,30.39270792230435,0.0,0.0,1,121.735350894421,0.0,0.0,0,33.32534149170916,2.5593260933518516,52.33339654097287,1,Carpool
653,5.467530937408561,14.579091515005654,1.61864290905078,136.4938353364091,1,19.192526543549814,0.6232530990857045,68.24691766820455,1,17.415793344188184,10.444977967259858,0.0,1,31.508909262842437,2.565915494476173,0.0,1,34.07671794377193,0.0,0.0,1,102.3947722786905,0.0,0.0,0,35.75400362758064,3.0717409020851014,21.298475247831956,1,Carpool
654,6.602516604832839,13.596746183798047,1.6951175567486854,113.1428554749177,1,18.483938550502046,0.8022422218814729,56.57142773745885,1,22.457034273122307,12.523113485303972,0.0,1,36.54119181161201,2.3059014079876827,0.0,1,42.19669777181813,0.0,0.0,0,126.02853470948273,0.0,0.0,0,28.499548885527926,3.6383064504832787,5.261331327231384,1,PublicTransit
655,6.329789503024916,18.078682233800375,2.0063106654939946,140.64661280215992,1,19.578687285222326,0.828410646436628,70.32330640107996,1,18.905260368413018,15.347882247515807,0.0,1,38.40945758095756,3.208854792185415,0.0,1,35.208561927410756,0.0,0.0,0,134.78983960016686,0.0,0.0,0,39.01029674515923,2.6183445561337284,40.41837910283572,1,PublicTransit
656,8.251417590123365,21.606745345097046,2.539463102092421,168.9562272371323,1,21.4350655059412,0.9824116853185085,84.47811361856616,1,22.459090173068496,16.151033441115974,0.0,1,41.90091272132801,3.093181122163335,0.0,1,54.10005639248412,0.0,0.0,0,161.6462118668898,0.0,0.0,0,35.152529370566505,3.738043272879693,47.504927723408166,1,Drive
657,3.255294481293133,11.71035840139743,1.044850402798926,43.55170944618678,1,11.630556504334876,0.37066260005058727,21.77585472309339,1,14.049521666294376,9.579207336951207,0.0,1,27.709564851063323,2.921356257314448,0.0,1,25.41460231608335,0.0,0.0,1,68.38255944797352,0.0,0.0,0,26.49472799500779,3.247031550304145,23.8575243736284,1,PublicTransit
658,4.36720748980468,11.809512205459017,1.1959830436538195,77.61321918756272,1,18.186447088444584,0.5419993143667968,38.80660959378136,1,15.227475781461045,10.246360335475202,0.0,1,34.77499073596363,2.3340379749543505,0.0,1,26.668372107741085,0.0,0.0,1,88.90951001661851,0.0,0.0,0,27.725978016383667,3.3306095743050497,41.52145353669214,1,Drive
659,4.483722418678454,12.56558354737782,1.2954864007289237,45.89039633492376,1,16.705236822493656,0.5440921538953151,22.94519816746188,1,15.405496781176911,10.028723557247583,0.0,1,35.576393376064864,2.9965576209530176,0.0,1,32.22135796046086,0.0,0.0,1,96.98966992865793,0.0,0.0,0,26.503972095219215,3.0921572571967597,59.933319309882364,1,Drive
660,6.760664591444703,20.232315307591183,2.1523145901700342,141.2742177969814,1,21.312778862271532,0.8523326956336722,70.6371088984907,1,19.14928903930863,16.176703284808806,0.0,1,38.650215212285914,3.2180664508313557,0.0,1,45.38030992025285,0.0,0.0,0,137.45050026308976,0.0,0.0,0,39.0232910373167,3.6210863872600956,61.96922603086227,1,PublicTransit
661,8.700460133567782,21.970073900242948,2.4081260550594648,181.59502710468706,1,28.181202611069672,1.1723794502880633,90.79751355234353,1,26.294790913054968,17.57590645245597,0.0,1,44.761879794913774,2.4708308224695883,0.0,1,67.44016130567199,0.0,0.0,0,180.4668973282244,0.0,0.0,0,42.82041502461607,3.8043942367669663,17.925492944630914,1,Drive
662,3.408538191730993,10.572412267087405,1.1737374626294277,133.23123056173668,1,11.969611036828391,0.37666635265751974,66.61561528086834,1,15.39192825850499,7.927205035640976,0.0,1,28.08485438962443,3.4051679796637786,0.0,1,20.63162379547432,0.0,0.0,1,67.35574086080629,0.0,0.0,0,24.76613937408265,2.745128743693931,0.7399334101827226,1,Drive
663,5.983778450854327,15.49232303806335,1.711826955618312,140.6187360437609,1,23.301406679372903,0.7924107937629224,70.30936802188045,1,21.060122528769266,12.341330720565583,0.0,1,38.77626949889361,3.1187995439755687,0.0,1,43.31099255994881,0.0,0.0,1,125.34936175977529,0.0,0.0,0,30.565283176514573,3.385712763188663,40.173604603024735,1,PublicTransit
664,2.9688930408013046,9.446204932701717,0.8617921911769048,152.12467188123787,1,13.415562249730675,0.3595475750038227,76.06233594061894,1,13.658340176172434,8.610019475764231,0.0,1,19.92721571288167,2.524920302625573,0.0,1,18.582032264578352,0.0,0.0,1,54.210849300279676,0.0,0.0,1,22.90829402948332,3.0140755296604453,64.86322108177714,1,ParkRide
665,3.9466743641345072,11.102987663358096,1.1481730452154484,101.74798377098557,1,17.85200420453202,0.4739152644329018,50.873991885492785,1,15.854453711886146,10.937308026284398,0.0,1,30.14392650858865,2.60583386642216,0.0,1,23.419107146092383,0.0,0.0,1,80.17530678620219,0.0,0.0,0,24.221506503010637,2.6927519299538565,63.91436858184094,1,Drive
666,5.2715758390196745,15.66785043082724,1.5900453771658898,73.79880568104927,1,19.508092983995223,0.5393746422848538,36.89940284052464,1,18.267997827962805,13.308917990660866,0.0,1,32.78753622679803,2.857334265657563,0.0,1,30.522679781651963,0.0,0.0,1,120.7233695587174,0.0,0.0,0,31.575708860639672,3.427361534528397,8.911329956604856,1,PublicTransit
667,3.4666818317799217,9.531064037130513,0.8387131543335579,117.00850571293695,1,14.126575865999033,0.4239969892133415,58.504252856468476,1,12.699937033234693,8.810876588879523,0.0,1,24.035307474396863,3.1968567668614267,0.0,1,24.47275854838775,0.0,0.0,1,64.49005461531434,0.0,0.0,0,22.538804747054318,3.2489593752986927,7.269459042753206,1,Bike
668,4.1536282883397035,14.229106991921649,1.3454898304103446,62.788392078456866,1,14.881300583067654,0.48549802803535114,31.394196039228433,1,17.287497976645678,10.216975383103074,0.0,1,30.68462281893734,2.6511081432452572,0.0,1,30.811362760514957,0.0,0.0,1,75.7694237085586,0.0,0.0,0,30.299621361983665,3.600311586441002,36.72248594344294,1,Carpool
669,3.7017747967769083,10.849016673826588,1.0740744108569493,204.30993897649205,1,13.028681640071492,0.44788877888241363,102.15496948824602,1,14.098921357109914,10.163919221383864,0.0,1,29.10363279273342,2.3409504332134885,0.0,1,27.356319496651096,0.0,0.0,1,70.34014176904466,0.0,0.0,0,26.5096548650273,2.9890271862211955,41.30677469155818,1,Bike
670,2.1750902787994377,7.743356154501245,0.6255361180091941,102.09359309586702,1,12.234148621563719,0.25217585216815747,51.04679654793351,1,11.185589391068552,6.406322312940541,0.0,1,21.54480635093112,3.1851073893446293,0.0,1,16.52578548290369,0.0,0.0,1,39.76726724334527,0.0,0.0,1,23.672185563036592,2.741883510768293,9.926379562611226,1,PublicTransit
671,4.151634036874092,11.864459907028072,1.2299987071271443,64.1230347643818,1,16.780385656167986,0.5093595832023886,32.0615173821909,1,20.02294488248534,10.379690218693506,0.0,1,30.353862923692436,2.462210853564701,0.0,1,29.834382096551128,0.0,0.0,1,88.56051509411584,0.0,0.0,0,27.501033780387303,2.7972266536351116,33.13525682692152,1,Drive
672,6.562596840593895,19.46949094193984,1.905023391601865,65.56078840557609,1,21.659726736342336,0.9391684458187113,32.780394202788045,1,20.36489861823787,17.07972717484621,0.0,1,37.8509433360913,2.7706163209252175,0.0,1,38.71940232602388,0.0,0.0,0,126.73982416728273,0.0,0.0,0,30.71701229710566,2.841982319047349,33.16559918336969,1,Drive
673,6.790657538913106,18.36994260497029,2.2575767313453596,142.92272487703895,1,20.306820647836453,0.8677371366367078,71.46136243851947,1,19.71537242473016,16.163970150245234,0.0,1,39.02717210106481,2.8255058972659555,0.0,1,39.40814503344221,0.0,0.0,0,142.14324644800817,0.0,0.0,0,33.996081150399675,2.558340909841514,14.292827484026981,1,Drive
674,4.321283164775988,11.140728978426049,1.3571488343777034,105.81627511463645,1,15.997653766136201,0.4970151332880716,52.90813755731823,1,19.118482714213847,10.290384681578999,0.0,1,31.59821693083885,2.6003600135331593,0.0,1,26.773535673526226,0.0,0.0,1,87.74052343365014,0.0,0.0,0,29.147422748588607,2.904206547750581,54.12932498556857,1,Drive
675,15.664436040123203,37.35717979442583,4.000159005866263,108.83756599293531,1,40.00912269651673,1.8816493722510839,54.418782996467655,1,41.04420608003182,28.293687714909804,0.0,1,75.13679794140839,3.061036319635073,0.0,1,97.4173586797327,0.0,0.0,0,288.469203461933,0.0,0.0,0,58.64612736331594,4.257454891957759,55.237538999209235,1,Drive
676,4.45238990444864,10.541266720297395,1.4467386970587415,42.320057555036804,1,13.514697064036378,0.6099370679805781,21.160028777518402,1,16.23632125174749,10.65278591638857,0.0,1,32.26297261705276,2.496970274849881,0.0,1,24.870024777642207,0.0,0.0,1,106.59802264240902,0.0,0.0,0,26.262155861887653,3.723393441320604,62.20986587472569,1,Drive
677,5.125394322318236,14.658583693764578,1.6625079593593668,150.69704163838537,1,20.131484260129152,0.6298764790152708,75.34852081919269,1,17.775866955280023,13.950422767460365,0.0,1,28.966748676922116,2.5130129651510655,0.0,1,35.406347045970705,0.0,0.0,1,85.80389994744738,0.0,0.0,0,32.14141165680091,2.5939532178768117,42.032302138886415,1,PublicTransit
678,10.366783855421428,24.79714423458687,3.470123604069766,174.47950546015903,1,29.19662343489732,1.4586664822073863,87.23975273007952,1,27.90437933174198,24.20371349475585,0.0,1,52.42591561975561,3.0462912343567847,0.0,1,68.10177338283005,0.0,0.0,0,211.43989298135372,0.0,0.0,0,39.013137702390324,4.233267667730576,65.27590883398746,1,PublicTransit
679,3.9238880799780995,11.126444178524581,1.1143930740434282,167.56359135792536,1,11.578978029300943,0.4732901299139121,83.78179567896268,1,16.55388227849342,7.399502824960429,0.0,1,27.021488327738084,3.1110818240234246,0.0,1,26.27983865800587,0.0,0.0,1,71.28190420042978,0.0,0.0,0,25.469917832055568,3.1970817621542,31.535967071778153,1,Drive
680,4.540205167402769,11.988917958373408,1.3847888031442797,202.5402723034089,1,16.70412590392739,0.5576834151410336,101.27013615170445,1,18.012540917910236,9.382201308953759,0.0,1,34.07567483982773,2.495804174277132,0.0,1,28.38210237388416,0.0,0.0,1,80.37297418959022,0.0,0.0,0,24.988443883728603,3.3775295784574353,60.86482323722473,1,PublicTransit
681,9.061281801714294,21.20475065196072,2.769230888614934,170.62948137656193,1,23.60061779865603,0.9698154934583536,85.31474068828096,1,21.047624669203014,16.986710878203965,0.0,1,42.25337610732476,3.2300630082079222,0.0,1,51.612100433686344,0.0,0.0,0,165.34629208730658,0.0,0.0,0,41.163110259950834,3.0426851755214837,0.7158863586844622,1,Drive
682,5.316747115926776,13.330005473591388,1.8341475922035084,150.15913477737334,1,18.994753409932674,0.6015456977109425,75.07956738868667,1,14.828729555268158,13.443055536922499,0.0,1,33.06481083837766,2.2228420334367143,0.0,1,31.688848010344095,0.0,0.0,1,107.41328629585108,0.0,0.0,0,30.592372990577815,3.402612820941405,13.175944764698093,1,Drive
683,4.182064826041593,12.241585017390408,1.3081499676509107,102.4076456657483,1,14.431834318930898,0.40433424898793574,51.20382283287415,1,15.981738918054461,9.634958829728982,0.0,1,28.77302174326777,2.539146697898063,0.0,1,23.073034093504436,0.0,0.0,1,96.64180779563206,0.0,0.0,0,28.965661206661892,3.354749517087102,6.1485264630192145,1,Carpool
684,11.418822779191368,26.872512826444932,3.7177356833974464,210.53420835753545,1,30.96441705617749,1.320129897263713,105.26710417876772,1,28.47657369654458,27.387207719245943,0.0,1,64.42731863823239,2.9815834770737446,0.0,1,75.94619962679812,0.0,0.0,0,218.79294941189804,0.0,0.0,0,53.196225009946225,3.8659913048729,10.109306481250439,1,Carpool
685,4.038509483607868,10.956940916294114,0.919131567436401,174.35788339703933,1,15.37764559843371,0.5229578931861264,87.17894169851967,1,15.254335909258335,9.899145640290712,0.0,1,28.105413930500788,3.487140550202217,0.0,1,26.930683640913095,0.0,0.0,1,81.80495971899234,0.0,0.0,0,25.43670909998512,2.878655496261803,53.45227622846626,1,PublicTransit
686,8.11914102965057,17.53397204382937,2.6333847273461135,217.45115484100677,1,23.536608636072096,1.03896768662157,108.72557742050338,1,25.736777865006403,15.934575877085521,0.0,1,51.89953890902118,2.104053165057975,0.0,1,46.38963243216837,0.0,0.0,0,166.168764211617,0.0,0.0,0,47.9336882261228,3.4940566967102304,53.67069846549834,1,PublicTransit
687,12.128503116673532,26.414657165041888,3.7586669287414782,159.29318671387892,1,29.294469947748567,1.7657505629066708,79.64659335693946,1,31.50649028618891,24.64433834978672,0.0,1,67.19602085953095,3.4311702320099364,0.0,1,78.80652174036038,0.0,0.0,0,275.36771955406795,0.0,0.0,0,50.520831604476385,3.7335263792122424,6.612020888403669,1,ParkRide
688,15.304196497636514,37.462449512229384,4.390865324890836,183.8861781661426,1,40.91435561361341,1.8157400131697128,91.9430890830713,1,45.33987989989814,29.117654060806135,0.0,1,77.75170697568385,3.692092009369797,0.0,1,88.09673456788578,0.0,0.0,0,334.55042444260613,0.0,0.0,0,62.987521887183526,4.124992540481648,3.7302312880059683,1,Drive
689,5.270007997721785,11.540645479876405,1.5950639396552198,98.95773286603587,1,18.575942754456456,0.6848737453684801,49.478866433017934,1,17.964295786782948,12.51514651153407,0.0,1,38.10834676370553,2.8088955080074784,0.0,1,31.450294652526445,0.0,0.0,1,95.47577869801052,0.0,0.0,0,30.102196882579214,3.806649280757998,66.32769882671322,1,PublicTransit
690,5.736490699631234,13.897742962760768,2.0014382801145545,105.04726709575303,1,16.009150443318774,0.6405974704826913,52.523633547876514,1,23.415230379789683,10.236518832709537,0.0,1,29.872263567349663,2.5779170031450707,0.0,1,36.81407747531109,0.0,0.0,1,99.47340953291526,0.0,0.0,0,30.042590876211353,2.7333198861990144,9.695870837152684,1,Drive
691,7.0705462132569545,19.137987766903798,2.0191963524621652,158.6315308291721,1,22.051949955753578,0.8421150761278139,79.31576541458605,1,22.939754008311212,16.091603859779244,0.0,1,36.425478569009975,2.875768938848718,0.0,1,36.352735931884105,0.0,0.0,0,129.27974453546963,0.0,0.0,0,31.68703539233506,3.2960168348200223,39.235476520358105,1,ParkRide
692,4.357663743936362,12.545799122535819,1.2596451155866684,177.86115618531284,1,17.238958518862216,0.45275179259465465,88.93057809265642,1,16.08591847073333,10.690287928674772,0.0,1,35.21786044442447,2.6108293331634735,0.0,1,22.0708937788289,0.0,0.0,1,85.4009937703755,0.0,0.0,0,25.895179622557023,3.18071145163004,40.887217111636105,1,Drive
693,10.882762900015926,27.310511599094713,3.3468310834741466,60.01842656640023,1,35.27778048547932,1.207338781136885,30.009213283200115,1,31.023227864811396,20.81723630734499,0.0,1,54.764314935727924,3.0083591835564114,0.0,1,68.72198306516079,0.0,0.0,0,216.51384936691008,0.0,0.0,0,44.373498728442655,3.6255895431548066,28.248572226862983,1,Drive
694,2.0020782666078922,7.249742892988702,0.5788380286429832,55.527765104764946,1,9.614993179116704,0.22223703296015423,27.763882552382473,1,11.108376001029356,6.40093460006444,0.0,1,19.782880605887822,2.6073702996086516,0.0,1,14.242551333989462,0.0,0.0,1,43.24265733807528,0.0,0.0,1,20.172497683074074,2.7217177892407896,45.87415142384396,1,PublicTransit
695,6.032819071682466,14.658334866547753,2.151715717747709,67.69735698982076,1,21.40579842811915,0.6079440259532489,33.84867849491038,1,18.648236530103702,14.648432109113296,0.0,1,36.94413811835182,2.7578042054888368,0.0,1,41.43508979839122,0.0,0.0,0,96.45704566754205,0.0,0.0,0,33.77364040446233,3.0590443212709206,37.17241087093293,1,Drive
696,12.414537497797307,31.509915637855954,3.6430024461572588,161.99023650943798,1,35.60161823112235,1.3690292358761589,80.99511825471899,1,36.29971970600745,23.396408122224162,0.0,1,57.929742506190564,3.6421850963622764,0.0,1,75.3914449023302,0.0,0.0,0,220.5383096118206,0.0,0.0,0,68.02902233628886,3.734884481312341,31.545295566450434,1,Drive
697,10.544080428187915,23.874881658319595,2.8634201639957237,156.59953097127465,1,34.766858306854914,1.2238956742744511,78.29976548563732,1,33.06066636323906,19.41075488030893,0.0,1,58.409410318347796,3.131695719208318,0.0,1,65.93275399555989,0.0,0.0,0,205.0324385760769,0.0,0.0,0,39.63016707590542,3.5427485471465636,42.984710259220336,1,Drive
698,21.240806783290182,49.301787350355326,6.136857793763179,42.641438150371,1,52.55474281176435,2.7822826123232853,21.3207190751855,1,72.82098661383128,46.711156243687014,0.0,1,102.4392712149889,3.9071237764909763,0.0,1,117.34573825391068,0.0,0.0,0,468.7677154906447,0.0,0.0,0,75.6363215692783,4.782344123682735,52.17040511613706,1,Carpool
699,9.762182081440018,24.034703819025765,3.0754530307784673,63.61128395986131,1,30.00409017193248,1.2086990659232315,31.805641979930655,1,26.211735332556575,17.846696680060774,0.0,1,54.14533162063381,3.1263637185030033,0.0,1,60.97617919718587,0.0,0.0,0,200.7118796721792,0.0,0.0,0,47.21825197185444,4.4764760642496855,37.50046743693569,1,Carpool
700,6.979812088310513,17.127217133291357,2.163479350488458,168.92363691390864,1,24.421799107982626,0.8532736426748693,84.46181845695432,1,18.56199242259191,18.051546633959543,0.0,1,42.0803358746729,2.4937457640556073,0.0,1,51.94499532816332,0.0,0.0,0,129.0045867026675,0.0,0.0,0,39.444488857914216,3.1898367941381456,16.69010986171927,1,Carpool
701,8.465995670987509,23.019963409812494,2.5762111586187273,138.07944581016793,1,23.308666989608987,1.032443978405726,69.03972290508396,1,23.41367605349505,17.822407560633785,0.0,1,40.806461982154836,2.6112561850117535,0.0,1,46.68987576716425,0.0,0.0,0,171.0009030773274,0.0,0.0,0,39.78373816428535,3.981571390648473,13.93163958476242,1,Drive
702,11.343829629457709,22.96880074277292,3.4336309416485444,75.46757666886124,1,31.544166282851343,1.2400009136470993,37.73378833443062,1,28.664271077074005,26.575797699060892,0.0,1,60.39596880501494,3.4646465274262903,0.0,1,62.88652512738115,0.0,0.0,0,242.85106735505107,0.0,0.0,0,43.151697756662976,3.7832829694749357,6.589777327773081,1,Drive
703,3.872119604840786,11.03984268050024,1.0557074454494093,163.41363299763896,1,14.283038175690256,0.4870834695958252,81.70681649881948,1,15.25579225659206,10.5585524018236,0.0,1,28.051916028282395,2.6766458885741797,0.0,1,22.508216757723176,0.0,0.0,1,83.54500646801587,0.0,0.0,0,24.556676930071024,3.15580355132169,47.321799352747185,1,PublicTransit
704,5.339547855002958,16.21067271045133,1.7393453310244669,136.29208821943757,1,16.054978873045027,0.6708733668356852,68.14604410971879,1,20.34296277307029,12.348945553794739,0.0,1,40.79549739691851,2.7808673164617046,0.0,1,29.87593523230225,0.0,0.0,1,95.26321918942978,0.0,0.0,0,28.704194130779598,3.060658226833557,8.559706957804949,1,Drive
705,4.085478938093544,13.386092877344545,1.306393743348465,96.06842726564008,1,15.841986040706495,0.4612905723550628,48.03421363282004,1,15.505246557234598,9.222552480793187,0.0,1,29.074305884596942,2.635297217893508,0.0,1,24.893251816908254,0.0,0.0,1,86.51025514023439,0.0,0.0,0,26.55842254573742,2.7010857183284736,28.111775629779128,1,Carpool
706,6.598504197727615,21.379969632731616,2.188484413165464,214.8300777815504,1,22.13085563162902,0.8307631425368558,107.4150388907752,1,21.928179624783976,13.870126412191244,0.0,1,38.958668189820656,3.167619072870685,0.0,1,36.00734031243765,0.0,0.0,0,128.9263590828257,0.0,0.0,0,33.60072022844653,2.8798258094407974,48.28968513815009,1,PublicTransit
707,5.882484649229409,13.751568902561518,1.8909397889596782,154.77994756838982,1,20.2287058666016,0.6902133105325683,77.38997378419491,1,18.577499270114032,12.94731223633613,0.0,1,36.326670287918695,2.6797908408732996,0.0,1,33.48491860952948,0.0,0.0,1,121.35338862810345,0.0,0.0,0,35.09066569810236,3.566305851745127,31.98155558167555,1,Drive
708,9.226893278541311,22.33573751726084,2.9757232641229776,181.60557396316364,1,26.149570048582444,1.1210730128982591,90.80278698158182,1,26.003944906706646,17.77310252875645,0.0,1,45.41919623824992,3.0600285638690004,0.0,1,49.36780739459594,0.0,0.0,0,198.36437871387338,0.0,0.0,0,37.17120964963676,3.6736634827832884,42.465205121061324,1,Drive
709,10.423824062180719,22.988253125467303,3.8779496641592344,157.03031685657686,1,29.652425522390946,1.1119970904458965,78.51515842828843,1,36.80758547655287,22.67217440388855,0.0,1,55.68743424060166,3.401913529988518,0.0,1,62.05576029808984,0.0,0.0,0,195.8515743703491,0.0,0.0,0,38.93800443687939,3.6733333920003077,21.333950455745814,1,Carpool
710,3.638692749366157,11.237467783734067,0.892395645094062,214.95843709811012,1,12.734360890277545,0.4425018904239207,107.47921854905506,1,13.226595556891889,9.076444992048176,0.0,1,25.17314971767665,2.47448372013661,0.0,1,23.03637776575638,0.0,0.0,1,70.14363913296161,0.0,0.0,0,24.51447346545428,2.7663313082662824,15.840746891988578,1,ParkRide
711,7.230647703574539,16.02889916413044,2.3620280733358974,49.820595648680104,1,21.808544166608932,0.8441386586407934,24.910297824340052,1,21.34136276932978,15.73285401372379,0.0,1,38.20704592813246,2.641887649820355,0.0,1,39.14718854413978,0.0,0.0,0,165.6016584525343,0.0,0.0,0,35.980996319557654,3.811538125783722,49.1207746882392,1,Carpool
712,7.869708881129502,19.093524492138666,2.209408259453595,161.4579165897166,1,24.172692673691984,0.9580764747321486,80.7289582948583,1,23.09963783172117,14.992047542100723,0.0,1,39.55783613269399,3.012251291143999,0.0,1,43.85355789824158,0.0,0.0,0,174.57835488429464,0.0,0.0,0,39.926856943099985,3.1368069999854558,8.626812251753867,1,PublicTransit
713,2.7316050237952036,8.616657110258494,0.8650662308232296,194.43379937052853,1,11.505344328998214,0.320963788613176,97.21689968526427,1,15.60932492683799,6.3310654409569995,0.0,1,21.748296562481382,2.1651816796547925,0.0,1,15.96635602513201,0.0,0.0,1,58.73718408480725,0.0,0.0,1,25.768329884470287,3.351916693545997,7.634777271974848,1,Drive
714,1.928732591999312,6.976854737248717,0.532767364982677,91.60406461627039,1,11.730791693413284,0.22283939014157542,45.802032308135196,1,9.297615053828437,6.853389647578091,0.0,1,19.675492858225404,2.8149515367821007,0.0,1,14.027866116876325,0.0,0.0,1,39.51606530785606,0.0,0.0,1,19.692645858131726,2.573659079258568,31.955790024615904,1,Walk
715,8.325657254807838,20.78431428689314,3.138610888541202,91.6340021951447,1,24.39479386914463,1.0050839391019162,45.81700109757235,1,25.24625114623414,18.67560526365858,0.0,1,58.49987022500552,2.704936174213718,0.0,1,47.16563714335074,0.0,0.0,0,157.80709538607425,0.0,0.0,0,38.32822690752411,3.611928568767641,42.692732148418166,1,Drive
716,7.378518907053183,20.330537792804115,2.60043003457797,203.47845751799156,1,24.833024122346405,0.9061799899244471,101.73922875899578,1,23.54646422252443,16.546952753141788,0.0,1,40.2091803176347,3.0692774689089957,0.0,1,46.33333713074455,0.0,0.0,0,169.57445575084475,0.0,0.0,0,42.85472293471578,3.3705465106132326,48.4616785257173,1,PublicTransit
717,0.7846036800115381,4.769898476219701,0.24119022782271127,85.63555992372822,1,7.596457131415933,0.1047603828987061,42.81777996186411,1,8.33982254665683,3.8651557952423667,0.0,1,14.85147073823334,2.3451686755858767,0.0,1,5.905560350909458,0.0,0.0,1,14.38384777988186,0.0,0.0,1,16.802704824710453,2.244353130499297,27.93747771901042,1,Drive
718,2.348631930604731,6.923363012094921,0.7668391133508066,195.7532322488216,1,10.805226560889746,0.28192298966770607,97.8766161244108,1,11.619993502853323,7.181647485618399,0.0,1,22.873325956815172,2.8526741858573246,0.0,1,15.175497210478099,0.0,0.0,1,49.44598992507958,0.0,0.0,1,22.346572975730616,3.2426339462404385,48.36336452861575,1,Drive
719,5.639987225489242,15.562903579937759,1.5204561794979172,119.26874072896815,1,17.589736834003606,0.6765486046351071,59.63437036448408,1,24.62460739698242,12.165842509577889,0.0,1,33.798786713949006,2.95925030735696,0.0,1,33.781074997083806,0.0,0.0,1,94.38050159330386,0.0,0.0,0,33.2077249094309,2.8420791738114324,6.243038492026185,1,Drive
720,2.4231921235543528,8.585177594446398,0.6445334952595831,207.78691279057713,1,13.32697492202026,0.2622968695037842,103.89345639528857,1,12.694357057577637,8.573899256132346,0.0,1,22.476614902341673,2.642379914624308,0.0,1,18.15875896992606,0.0,0.0,1,44.65733705636524,0.0,0.0,1,25.469029880508057,3.031880285524037,47.668882594738896,1,PublicTransit
721,6.4395613761639625,15.662719521138566,1.7946724628449422,174.4011889045681,1,23.857115493678116,0.7689532939732768,87.20059445228405,1,22.788090646542607,14.45162635024138,0.0,1,32.322576179195714,2.5629482518005724,0.0,1,42.472687001460976,0.0,0.0,0,112.49098981695717,0.0,0.0,0,36.90255692045938,3.6060717400072253,57.480967003175195,1,Drive
722,4.453071948397461,11.929927759422851,1.297146062726095,197.58186455548116,1,17.632671841249433,0.5361560464259568,98.79093227774058,1,17.5133000549011,13.215920186174111,0.0,1,23.54519547341499,3.252541878833413,0.0,1,25.764213147931063,0.0,0.0,1,85.09889613121169,0.0,0.0,0,26.99638152804551,2.703198792285446,61.968304285296234,1,Drive
723,3.2717981812248205,10.293281153614823,1.185357693422507,121.65994034546047,1,12.34436666490948,0.33760687687485413,60.829970172730235,1,12.526625400537116,7.535546903969563,0.0,1,24.07680722508887,2.4094758969451573,0.0,1,19.72950039592961,0.0,0.0,1,52.28754122105661,0.0,0.0,0,27.001418276367783,2.6985962346619314,18.07886222113133,1,Drive
724,2.761093020868263,8.94440583145512,0.8165156761326425,79.3079912483015,1,13.432293300381396,0.37643140034488837,39.65399562415075,1,12.346410041022137,8.062244386205135,0.0,1,24.351143701320012,2.844600790066667,0.0,1,23.112197287987904,0.0,0.0,1,61.01166165056976,0.0,0.0,1,22.782298663487914,2.9085899124176953,57.56462490365607,1,Drive
725,6.187587258507794,15.235045104262989,1.860211507788578,112.53043192513026,1,22.194687435305347,0.7522833761939998,56.26521596256513,1,20.668447610183026,12.219386644377487,0.0,1,32.75023994181366,2.6386739194312288,0.0,1,39.68493077641371,0.0,0.0,0,143.18479609907524,0.0,0.0,0,28.442172982271746,3.278437891091013,44.03658471087263,1,ParkRide
726,3.7631845317450123,10.587751388809263,1.20650064045424,161.72611805544537,1,13.987244309830478,0.4657130250258422,80.86305902772268,1,13.357279624199402,8.502437274361442,0.0,1,29.234509198758296,2.732271402209983,0.0,1,26.064097987325482,0.0,0.0,1,78.70589791708639,0.0,0.0,0,28.843522912773626,3.295617375321416,66.67335280803913,1,Carpool
727,11.262483667029622,27.033577534998482,3.4150935126995985,123.09035625916196,1,27.239213210439903,1.5664593153549418,61.54517812958098,1,31.427337684159856,21.76950806352014,0.0,1,45.75146933797994,2.6506023422952887,0.0,1,77.02139377249041,0.0,0.0,0,213.17331946541753,0.0,0.0,0,44.42436945822955,4.436777982392864,1.2671335198226374,1,Drive
728,4.788826112372543,13.75864364358084,1.1545165084849387,108.76445736643802,1,16.236227026380025,0.5294210365284375,54.38222868321901,1,22.610018725642753,9.869691131902522,0.0,1,36.89325207113028,2.42871159699975,0.0,1,28.09611932069403,0.0,0.0,1,94.41066526901375,0.0,0.0,0,28.52222360396409,3.281603434058725,30.18421606991841,1,Drive
729,8.180511435508482,19.359113442375232,2.2217710554599917,172.8331553093171,1,22.122987523597317,1.078858388344807,86.41657765465855,1,23.55330053998513,15.730288520239485,0.0,1,40.84071766990526,2.4166285518344273,0.0,1,56.990840189783285,0.0,0.0,0,174.49534448625326,0.0,0.0,0,41.8650547771249,3.3954432083055317,6.76573443375427,1,Carpool
730,6.002586669991206,15.70126499739395,1.9111116441545428,155.43058045568907,1,21.969625138584643,0.8269957748987834,77.71529022784453,1,24.581294455332642,12.38769365097753,0.0,1,34.0530332553748,2.787156651690233,0.0,1,34.95654359047276,0.0,0.0,0,113.1883413356229,0.0,0.0,0,34.65688327683236,3.2841165928325498,16.866955870992125,1,PublicTransit
731,10.930214308409617,27.060871180045016,3.386575694656799,187.1680443979734,1,31.776279587196736,1.2899734893163102,93.5840221989867,1,25.08160334885167,19.912469000689786,0.0,1,56.39029754062479,3.997549198204058,0.0,1,77.2047425095623,0.0,0.0,0,205.5674839720492,0.0,0.0,0,52.9267764899264,3.13032655506591,12.919514294106294,1,Drive
732,3.7795112137764235,11.38922943154601,1.1696935132824362,180.62448026316852,1,16.496003531446632,0.38793961413334993,90.31224013158426,1,13.755549240854782,9.42875336526147,0.0,1,26.16169884044658,2.7589608872140197,0.0,1,24.331391099192,0.0,0.0,1,71.85633939786047,0.0,0.0,0,30.33866015228888,3.0276679106877276,27.549198021410955,1,Bike
733,9.21542117476763,24.228538947362093,2.6867265114015564,113.23084665427386,1,28.8095688524611,1.1500455620711758,56.61542332713693,1,25.06735766703766,20.299958380323062,0.0,1,49.13178238203386,2.741361515051417,0.0,1,58.64094371730208,0.0,0.0,0,182.54682842359904,0.0,0.0,0,50.329021484403754,2.9891904239150286,68.32299781307718,1,TNC
734,4.249022602288865,14.248385059556155,1.236854222047661,128.27160347083088,1,16.885647197179775,0.4418155449619778,64.13580173541544,1,15.749569190714572,10.004381230635126,0.0,1,32.925425351281326,3.1155838651190364,0.0,1,26.872669976366286,0.0,0.0,1,95.07884904644048,0.0,0.0,0,32.05588874712465,3.215486737425831,30.49580732152586,1,Drive
735,4.238446183705725,10.266120440074513,1.0825821990681819,172.2783375991637,1,15.899208188800493,0.5352234982901106,86.13916879958185,1,15.074538807803906,10.173370925001707,0.0,1,28.999657472078532,2.8986051812197466,0.0,1,26.195887568442576,0.0,0.0,1,88.94148295902414,0.0,0.0,0,30.051347223370406,3.163571809688681,47.441898811089914,1,TNC
736,18.808153645573565,48.6434695929704,5.2504254806116,95.44333429461025,1,46.95283047966334,2.2212488747085746,47.721667147305126,1,43.46726474607426,35.64799750366096,0.0,1,92.99706655949801,3.2889901227267546,0.0,1,114.16702713886534,0.0,0.0,0,329.14446985613233,0.0,0.0,0,73.18678570199687,4.432589762641946,35.40325362240411,1,Drive
737,6.0024102087432105,17.346743990311698,1.9682939005878466,164.88123018903957,1,21.26665003078872,0.7686065302691922,82.44061509451979,1,17.518277270215158,11.780734940421809,0.0,1,37.740864662906205,2.9934633863788562,0.0,1,38.196994795821034,0.0,0.0,0,113.21921811088757,0.0,0.0,0,32.960005546775776,2.9023555909564434,42.99419342401961,1,PublicTransit
738,10.795662567075519,25.676035250544814,3.1388645815787526,199.54104032969917,1,32.40389158379857,1.20005713136965,99.77052016484959,1,31.089907185049825,25.549739612320305,0.0,1,57.511076499552736,2.9627039598922345,0.0,1,61.44983284876274,0.0,0.0,0,232.5251019475732,0.0,0.0,0,49.41175946101406,4.33619029156769,31.04390340603643,1,Drive
739,0.9734053991447739,4.649233506995293,0.2896292934878784,211.9205816896931,1,6.7993853299988745,0.10711102194781029,105.96029084484655,1,8.578334770625792,4.903909067909898,0.0,1,17.019432286334844,2.461788285045376,0.0,1,8.526055986002378,0.0,0.0,1,21.444929557969154,0.0,0.0,1,19.64031413793931,2.8160203852034362,1.105027230825153,1,Drive
740,7.07684245218547,17.9991630271019,2.2915104684299106,215.64363195551147,1,21.730393620214617,0.9697258416531241,107.82181597775573,1,21.424040542173945,16.682011493519745,0.0,1,46.04167624657211,3.152906351623679,0.0,1,40.2407471361236,0.0,0.0,0,169.2665546784898,0.0,0.0,0,35.329776062097224,3.1372510743102495,47.005178836166266,1,Carpool
741,8.229573311665431,21.917942923956566,2.347567317804236,173.3343631723883,1,25.604527187351096,0.7756402628202544,86.66718158619415,1,25.390835080548737,21.865928563715244,0.0,1,46.40450229024411,2.978624205762184,0.0,1,58.8758351219096,0.0,0.0,0,160.25185651347377,0.0,0.0,0,39.09993310512642,4.007914655216546,43.216319696028044,1,PublicTransit
742,4.437242352682773,12.851565484902306,1.439752331780324,186.04285934912502,1,17.84254754990439,0.5870168105442273,93.02142967456251,1,14.690135502567808,10.507002749452083,0.0,1,31.525089176582323,3.2049142120407654,0.0,1,27.92266858059565,0.0,0.0,1,93.52726749195608,0.0,0.0,0,32.68641989686984,3.5860333154231987,61.78543171163824,1,TNC
743,16.004744176738292,38.23971775780953,5.305421094177534,64.30408434984028,1,37.57838049708662,1.741360051979888,32.15204217492014,1,36.29942632661514,31.339076552589862,0.0,1,78.32191260252388,3.3066042967489935,0.0,1,105.54746473330249,0.0,0.0,0,275.1510961686769,0.0,0.0,0,70.8153718391544,3.9066215804667044,23.286426588174297,1,Carpool
744,11.412064717255081,27.330688175797995,3.6864151380970074,110.59590804483108,1,32.091128116292865,1.5943320871230033,55.29795402241554,1,34.12133312542072,25.394820601598212,0.0,1,48.1665064256118,3.019295209577374,0.0,1,85.13407450851156,0.0,0.0,0,227.46359330320243,0.0,0.0,0,55.75709676032649,3.8811776530467172,25.20188414422974,1,Carpool
745,8.415399827469217,17.658628306154277,2.2308016310316967,101.54132967456817,1,25.065501839580172,0.9780482492549443,50.77066483728409,1,26.12179883985234,21.539514134272718,0.0,1,40.50680271108598,2.9771680869216572,0.0,1,52.8483368321624,0.0,0.0,0,168.03482399816383,0.0,0.0,0,42.552650959731324,3.990786642896681,43.59670429714799,1,Drive
746,14.952777420136412,32.6589755889127,4.383445003089966,203.30981730955395,1,42.5437032941681,2.329638934900585,101.65490865477697,1,42.33719128943471,40.22173566834579,0.0,1,83.46931463438904,3.164541008687857,0.0,1,99.54970591002758,0.0,0.0,0,300.0873296563053,0.0,0.0,0,63.315310178233936,4.0747769134413465,38.49622561239805,1,Drive
747,5.163628754950532,11.711551256963693,1.5846255522823842,88.35082024588532,1,15.722016597712264,0.6771746593690086,44.17541012294266,1,18.770271664039218,10.422860376911073,0.0,1,28.16073670245175,2.3436071275272674,0.0,1,31.45033575363696,0.0,0.0,1,125.84696345391764,0.0,0.0,0,32.84245848864153,3.2762232377920095,68.25438782706071,1,Drive
748,3.525472324696469,9.85401872180293,1.1652290475641032,164.1040714447334,1,16.408716309071455,0.48181954971292024,82.0520357223667,1,12.633450415721295,8.716783001215228,0.0,1,27.997738503342553,2.568094180561646,0.0,1,26.149058947743303,0.0,0.0,1,72.74781367231802,0.0,0.0,0,25.973266829593474,2.3516018450894505,30.314703394778356,1,Drive
749,1.640248882427795,6.557190839148759,0.48473277676255533,66.00906339783336,1,9.44095959909104,0.20551230751207744,33.00453169891668,1,10.656264340042458,5.946243903733612,0.0,1,19.69904884850826,2.447928393756943,0.0,1,12.845048083087976,0.0,0.0,1,33.030338663019684,0.0,0.0,1,19.87866668236844,2.3555315406876516,6.827517235415959,1,TNC
750,1.2941879256085966,5.469477593158871,0.4209672836348378,77.67492315906132,1,8.71473770143426,0.16439681036342094,38.83746157953066,1,9.186474922295757,5.3322987214729345,0.0,1,16.853752517075968,2.3977528592896333,0.0,1,9.233464469065003,0.0,0.0,1,23.55835813405973,0.0,0.0,1,16.41661347359529,2.5488323621786035,44.816017683010855,1,Walk
751,1.2335720487792305,5.659778971800772,0.36628882295109755,56.57297770378439,1,9.759465257111193,0.13444890966270562,28.286488851892194,1,11.767118400434736,4.012996775812357,0.0,1,13.47134177308504,2.1834709954439777,0.0,1,7.0502971835843224,0.0,0.0,1,24.534058488351988,0.0,0.0,1,16.322669252126683,2.5237386993823088,22.17895241583087,1,Bike
752,1.1297290965074391,5.185887537164906,0.3525024117833842,101.77399325437995,1,9.41819689183207,0.12260857082894992,50.88699662718997,1,8.880374518161682,4.72823717876328,0.0,1,16.077808853170694,2.801241934936398,0.0,1,8.87995848783744,0.0,0.0,1,30.606728690623086,0.0,0.0,1,15.436243812211893,2.6629108569970086,5.763547390650422,1,TNC
753,3.837386539571487,11.691695533006087,1.169449884522123,149.99825757920507,1,13.96426667218684,0.432919019592193,74.99912878960254,1,13.369619235178488,12.17835343423676,0.0,1,27.660848836187107,3.5065784818466756,0.0,1,22.31361635074669,0.0,0.0,1,75.5030305928909,0.0,0.0,0,27.61680576405687,3.4233487514121,21.78150549736066,1,Drive
754,3.3946366888107615,10.338442973002529,0.9848300727768237,76.85179140024351,1,12.950306719987763,0.4275382651207731,38.42589570012176,1,12.459808908386604,9.113911943324966,0.0,1,22.898977493980084,3.060329696534277,0.0,1,21.715884020109876,0.0,0.0,1,68.88666890589366,0.0,0.0,0,27.41231917736901,3.162773317305024,7.436760524645138,1,Drive
755,4.405207442360699,13.983300606570488,1.5286038386099683,114.58493024177491,1,18.61413560953317,0.5271721976772793,57.29246512088746,1,16.633930208769918,11.205901068591798,0.0,1,30.116671213489077,2.8719590124780763,0.0,1,28.572672498234393,0.0,0.0,1,78.46645524436168,0.0,0.0,0,32.806677145922876,3.274108075274518,49.44079276917662,1,TNC
756,18.355059215951474,42.80429665746395,5.694624833006039,165.05437653268694,1,53.22365829682461,2.335837535898506,82.52718826634347,1,52.432640423003235,39.91616032013669,0.0,1,98.14901622072146,3.493653389219074,0.0,1,117.46319459071432,0.0,0.0,0,355.7978489509321,0.0,0.0,0,69.2556696293214,5.119838928788006,18.009148314515407,1,Drive
757,4.657018781955537,15.92767347622888,1.3498745539743984,150.71008400746985,1,15.693042207620596,0.5280226013698132,75.35504200373492,1,16.345690811419647,10.388366064588359,0.0,1,34.62267015812495,2.6487432031031695,0.0,1,30.152156121997358,0.0,0.0,1,95.77448345872043,0.0,0.0,0,30.0851436481195,3.205179791013804,3.4196341423676135,1,Drive
758,6.936807090341885,17.521795380565834,2.0579719372787895,169.8157559950482,1,20.493232806388807,0.9117677562470788,84.9078779975241,1,20.53636572298772,16.229078581448913,0.0,1,50.87504257243584,3.51295509528827,0.0,1,42.693179927440426,0.0,0.0,0,140.95437606769448,0.0,0.0,0,35.632646510709534,3.0885991794351653,7.0071289377402515,1,TNC
759,7.60451252715292,16.833619652446593,2.4574326523441288,217.67468422959442,1,21.63803239642095,0.9924685001895005,108.83734211479721,1,22.91886300620006,20.525971426971097,0.0,1,46.982801453334226,3.1494421546172644,0.0,1,43.98272669730266,0.0,0.0,0,144.48923639001185,0.0,0.0,0,33.77247269366722,3.528240549974908,61.697316193835796,1,Drive
760,9.270893441500789,26.360349652041347,3.2465415447117447,109.0582303956824,1,28.552894376095423,0.9749906798661715,54.5291151978412,1,22.421101163979237,19.974750188791656,0.0,1,40.02687044361563,3.407416450689581,0.0,1,54.74472285222865,0.0,0.0,0,175.2657366216921,0.0,0.0,0,36.39035396014099,3.704073406772339,28.220764109614553,1,ParkRide
761,2.354874741785406,8.022639073922786,0.7626063912729935,178.8265810425036,1,10.534111015990785,0.307802688381669,89.4132905212518,1,11.898508383412036,7.067726300700598,0.0,1,25.248917573327066,3.0771698046738165,0.0,1,13.09786218479838,0.0,0.0,1,38.02898704780152,0.0,0.0,1,20.907410504594395,2.622535912700109,39.356506918916786,1,Bike
762,4.864049948924206,10.950112775112514,1.4437033978838676,125.84747875330919,1,19.537997964574586,0.5394850369444999,62.923739376654595,1,16.7056309954313,12.531607612441952,0.0,1,31.29656253299228,2.5993111706596186,0.0,1,30.59364007828149,0.0,0.0,1,95.12197999044936,0.0,0.0,0,39.62064614721998,2.4784627859013275,31.54541185698256,1,Drive
763,1.3500175986321905,6.070774814635031,0.42766076189762525,169.7037392749926,1,10.147560560883628,0.16213208878779617,84.8518696374963,1,10.21621894825543,4.637827282313735,0.0,1,17.320435551795786,2.786308411868344,0.0,1,9.318320762415675,0.0,0.0,1,28.257287743121058,0.0,0.0,1,20.00893262489643,2.2623669478981148,47.72876575294948,1,TNC
764,2.5350135504539066,10.395347016015242,0.7160252912336992,187.39737653935305,1,12.283398323689314,0.3320559586570618,93.69868826967652,1,12.289248613490038,8.666109377654598,0.0,1,20.956721423154654,2.535986099919763,0.0,1,17.413173282691897,0.0,0.0,1,49.8542161574734,0.0,0.0,1,26.043641268709766,3.0547418064080087,40.234257274485266,1,PublicTransit
765,8.760019610979102,23.162841909849575,2.4745092675540614,144.49252005897506,1,24.217017153351996,1.0195238019024426,72.24626002948753,1,26.867861320945774,22.570669982927885,0.0,1,50.77066787180044,3.4362711298469266,0.0,1,54.9888023721646,0.0,0.0,0,163.06323721703043,0.0,0.0,0,40.27750018947849,3.4809932629268783,45.507393312516356,1,Drive
766,6.124111071639835,15.477623511547826,1.8055349575441197,131.5232013561574,1,18.993039273653096,0.6907045121836304,65.7616006780787,1,18.836513619481916,13.201542070264113,0.0,1,35.71002279131931,3.1385189669222386,0.0,1,36.541735806813854,0.0,0.0,0,116.28657930875232,0.0,0.0,0,32.22336236911836,2.805367733424822,20.049609896494367,1,Drive
767,4.040382751454227,12.24101800349974,1.2469367885206712,90.09947609374642,1,15.457409105292752,0.4983999414300654,45.04973804687321,1,17.668909368618174,9.7087162221761,0.0,1,30.58600239957392,2.628128358740168,0.0,1,31.443645491468363,0.0,0.0,1,65.67885661088258,0.0,0.0,0,24.255404682913188,2.861710127196523,6.345061013306551,1,Drive
768,7.084866865415043,18.294281680352388,2.3040455946051352,117.6740233808659,1,27.594253497571252,0.9158212135155301,58.83701169043295,1,20.397684008688532,13.074294861012875,0.0,1,46.13250606128126,2.6301554636195115,0.0,1,56.55769375458326,0.0,0.0,0,130.04733793068954,0.0,0.0,0,34.94774694292981,3.8468229787324857,53.507562073430186,1,Drive
769,8.074006883460655,21.857006641814767,2.3986865152397376,103.25852876171459,1,22.260198399357154,1.0010650251692355,51.62926438085729,1,22.46621303907889,15.392162323501054,0.0,1,42.11918405741929,2.604186885688443,0.0,1,48.24459306686786,0.0,0.0,0,151.7383944574089,0.0,0.0,0,38.19624722126203,3.4053150923520716,21.278862563244243,1,ParkRide
770,3.3132290957426864,10.930964496993482,0.9863121972446536,146.414485955318,1,15.070176368954609,0.31355467031558343,73.207242977659,1,14.273311394089475,8.91552065626597,0.0,1,23.728718330844426,3.026655842694599,0.0,1,22.533831450309094,0.0,0.0,1,73.51771972896009,0.0,0.0,0,24.499658255338556,3.119526157980087,56.84558606724484,1,Drive
771,6.278574270410832,16.321018591280644,1.933299399283824,200.68434749281255,1,22.915970352879004,0.7190886269259893,100.34217374640627,1,22.603288402525745,12.533602030775686,0.0,1,33.61571030911192,2.918258525565423,0.0,1,45.53727934108559,0.0,0.0,0,133.43954761308586,0.0,0.0,0,34.475377017874024,3.048759668371345,13.0125022134014,1,Carpool
772,16.86186289446146,40.04415170440999,5.001288288440886,204.78530240819512,1,42.616773659961545,1.995886373938466,102.39265120409756,1,37.64040040115565,36.0049374074146,0.0,1,78.72751332185577,3.1938933805819154,0.0,1,100.77060828412493,0.0,0.0,0,330.92037010082413,0.0,0.0,0,76.95961189467995,4.702078070836858,14.555566446060908,1,Drive
773,5.824880461700494,17.225173864732245,1.4827505813164237,40.855383815536676,1,19.80795642127028,0.6917882870439894,20.427691907768338,1,17.772879166605,14.84287513603678,0.0,1,39.29582745990566,2.9255415627016137,0.0,1,38.725042705210846,0.0,0.0,1,114.40709946433164,0.0,0.0,0,33.07563419550948,3.19848871966868,4.474768102445472,1,Carpool
774,5.483073280971374,12.732715535637155,1.574867959895744,181.37007515011229,1,20.49328815457618,0.6817039970997328,90.68503757505614,1,16.80149118503717,13.055203545511995,0.0,1,33.81305443536212,2.7610592043259126,0.0,1,32.344536054246745,0.0,0.0,1,97.8207490449163,0.0,0.0,0,26.820467862383744,2.963480221450955,23.316666421441344,1,ParkRide
775,4.743673000809655,14.207218741206795,1.70216572141012,165.10568558589824,1,17.51860557370958,0.6300084583694193,82.55284279294912,1,15.587654214489442,11.769875649815205,0.0,1,31.960896403078056,2.516121119423969,0.0,1,34.40142486447853,0.0,0.0,1,87.10758846911459,0.0,0.0,0,29.988288333849464,2.9617435938669705,57.09797675921511,1,Drive
776,3.8272101782881087,10.565854719420125,1.20967252544631,55.49840231107807,1,15.10122323089378,0.39183553901832513,27.749201155539033,1,16.296813383844956,10.12346428811919,0.0,1,25.484394085510377,2.4742294229004265,0.0,1,27.074672617102166,0.0,0.0,1,75.85976710180626,0.0,0.0,0,29.445478123052123,2.8188853036660237,47.58885342213779,1,Drive
777,7.141268759723048,18.585555966359365,1.9562857335938328,150.98495997431544,1,27.110370098359894,1.1369432273330968,75.49247998715772,1,22.193023718554116,15.085922923218265,0.0,1,54.79712178493251,2.9747665600183457,0.0,1,44.22659944413057,0.0,0.0,0,172.46484902615225,0.0,0.0,0,48.09913699027888,3.0259005566117727,55.06770834066326,1,Carpool
778,5.322224153526166,13.572482439154376,1.7434734548579895,128.4538317609148,1,19.0301236072296,0.8401563948132729,64.2269158804574,1,18.688405338026147,11.092355162084456,0.0,1,35.64633496686207,2.9108295355039138,0.0,1,35.61861065427786,0.0,0.0,1,94.9528982806717,0.0,0.0,0,28.03153088358986,3.2036555880441413,34.52657346706748,1,PublicTransit
779,1.777815626442379,6.346143632647464,0.4696721079079148,115.95116891079353,1,11.282985053821097,0.19532853723989962,57.97558445539676,1,9.82837405085534,6.138427880176767,0.0,1,20.165590216581368,2.7091542298264097,0.0,1,11.997639277409387,0.0,0.0,1,30.228670299404946,0.0,0.0,1,19.431311566052422,2.6092576744092844,49.40173704986989,1,Walk
780,6.030726963033289,17.504603705652904,1.8167700999532448,219.3674016036261,1,21.369616051078914,0.6493335328056804,109.68370080181305,1,20.770537195301717,15.84789937795376,0.0,1,36.37184220798703,2.612950863931306,0.0,1,40.21738278565011,0.0,0.0,0,112.16481386963765,0.0,0.0,0,28.313466721231077,3.267833866238192,41.39401580076795,1,Drive
781,4.1631439182784575,12.702833029813613,1.3414872192514167,161.51912846135025,1,16.804702760928176,0.49002020408348135,80.75956423067512,1,16.750195981534645,10.633014434532253,0.0,1,31.72470060805896,3.155886902008907,0.0,1,26.60353891432358,0.0,0.0,1,105.05532542828442,0.0,0.0,0,24.46136025136182,2.566576099612401,58.289133827030604,1,Drive
782,2.754419257833956,9.57584285654779,0.8292967659653427,82.25398226930855,1,11.36683745036901,0.37835326664291713,41.126991134654276,1,14.986609664756136,6.825498198772073,0.0,1,22.169139132743787,2.882149423150669,0.0,1,18.310215911107672,0.0,0.0,1,50.103591854330794,0.0,0.0,1,25.36864926331536,2.9323338472342275,69.09157099501267,1,Carpool
783,3.541518757365998,11.29681405580097,1.183693161185576,125.20211384916088,1,12.50778377988481,0.4515600299297021,62.60105692458044,1,12.514623204263868,8.5098117398414,0.0,1,26.734475474701934,2.6999052448471774,0.0,1,24.33799740409523,0.0,0.0,1,74.83471892401951,0.0,0.0,0,26.650301321892147,2.9637323230573793,10.17876684007661,1,Drive
784,10.745731806429982,22.313252917108755,2.812466448401653,50.79367719395617,1,29.837236403602923,1.2578349095263786,25.396838596978085,1,35.980356453484106,20.320255428341962,0.0,1,54.65528143216949,3.316993993782702,0.0,1,58.49685050481436,0.0,0.0,0,205.43414192353205,0.0,0.0,0,53.8096798047662,3.7365748159655072,34.87118922558227,1,Carpool
785,8.520983629277397,17.21856882359018,2.2739663905501604,158.06082016266743,1,21.082759643518546,1.0356966970689652,79.03041008133371,1,26.138874214860667,16.340286645346765,0.0,1,46.8122757137018,3.124308589272228,0.0,1,63.099979219995014,0.0,0.0,0,180.8832724408344,0.0,0.0,0,52.27755134856364,3.1228946948213774,38.59598095005437,1,PublicTransit
786,1.8557614990444509,7.289861236105117,0.6621101343174434,43.22938285249833,1,9.623028908466695,0.23715758990359861,21.614691426249166,1,12.402149971676783,5.788772846539846,0.0,1,17.745823034440008,2.3853741995480573,0.0,1,14.86890139608652,0.0,0.0,1,39.781356323705346,0.0,0.0,1,21.126967024153803,2.4824545039755854,53.06685220624474,1,Carpool
787,2.194327985126308,8.49125792255416,0.716279325559308,119.4381431219936,1,12.388660465722806,0.2754506040184818,59.7190715609968,1,12.705008959537771,6.963883472325814,0.0,1,20.70999516458587,2.672220235335913,0.0,1,14.61229581370842,0.0,0.0,1,49.298912894332624,0.0,0.0,1,21.21853842285894,2.8469791790851375,47.42089469906914,1,ParkRide
788,1.2596565117068097,5.252600007287228,0.3925108672004309,172.27213431151193,1,8.54660428076588,0.14029517776386366,86.13606715575597,1,8.898993001255079,5.441124456662408,0.0,1,20.77075496200273,2.653884108583826,0.0,1,9.256416827201678,0.0,0.0,1,23.83405034632475,0.0,0.0,1,19.329245924302423,2.6691005421797267,19.153327958956044,1,Drive
789,10.982699391958468,28.922219808896838,3.1738627890363755,165.34028161335786,1,27.127356344339386,1.2908763837268777,82.67014080667893,1,31.651845564793167,22.42047632095907,0.0,1,55.75653051902625,2.7399157193261865,0.0,1,62.48158545605349,0.0,0.0,0,208.82721506752284,0.0,0.0,0,54.01313511582013,4.267282915555153,32.99165749695759,1,PublicTransit
790,5.637523104578374,15.421520611901336,1.3019551981806656,158.28462897174663,1,19.840594942953896,0.6372734876484144,79.14231448587331,1,16.481767267507923,12.230747154815166,0.0,1,37.63770688094217,2.852818078212101,0.0,1,33.806847798619216,0.0,0.0,1,133.72428304679113,0.0,0.0,0,33.00198428777346,3.261845019502665,26.705182153683953,1,Drive
791,2.9206274461176953,9.953452286380694,0.8509150825092883,151.30525488592008,1,11.242090466134261,0.3550264575458162,75.65262744296004,1,14.834384412694165,8.844863998480715,0.0,1,21.21357754474962,2.856008435838319,0.0,1,18.467547760775382,0.0,0.0,1,59.32733024947734,0.0,0.0,1,25.94002318110105,2.703350122031069,10.076722648012721,1,Carpool
792,8.456587497005733,23.251445504338026,2.657401150022946,49.56536871224313,1,29.0643867532891,1.0385161876241253,24.782684356121564,1,23.96610772388374,15.86409795939786,0.0,1,41.12098547586519,2.839809749781559,0.0,1,59.36427782239321,0.0,0.0,0,146.5312548429316,0.0,0.0,0,40.422181216043114,3.7709453000236084,65.49041273938617,1,Drive
793,4.9784398522591955,13.372273373575224,1.3431103638456696,70.59936446874167,1,20.797996677065598,0.6392516205924813,35.299682234370835,1,16.670520585471714,11.623844471035293,0.0,1,29.415691538356228,2.526031588975161,0.0,1,28.096597878314743,0.0,0.0,1,100.41288902241585,0.0,0.0,0,29.467062662799325,3.267110424835655,32.671343242271114,1,Drive
794,7.385291164616324,18.661926067832468,2.1613696478615414,55.28705219912889,1,28.50494166352229,0.8144492541511682,27.643526099564443,1,25.526213950789483,15.104293294784314,0.0,1,41.310886934462715,2.7041222208373528,0.0,1,46.38060815627784,0.0,0.0,0,144.24839531692618,0.0,0.0,0,34.779849400766054,3.240467248737859,11.70153267032067,1,Drive
795,2.2366452120741664,8.98302925907423,0.6312502682533406,71.48972197889712,1,13.107754371701118,0.25681274956192623,35.74486098944856,1,11.868304140553208,6.044519064760071,0.0,1,22.621293211304273,2.3782984727932797,0.0,1,10.994078552366597,0.0,0.0,1,50.34386435800891,0.0,0.0,1,23.756894951790823,2.657024661600129,52.82087288176635,1,PublicTransit
796,6.054619338689155,17.46310326605495,2.0554891356353253,156.24406515852888,1,23.875842523935834,0.7303794959796642,78.12203257926444,1,19.024746539880717,14.07139222437943,0.0,1,34.00118256045899,3.0496852783774284,0.0,1,41.26151196899976,0.0,0.0,0,117.1436256137646,0.0,0.0,0,32.4764302148057,3.419061782455228,39.39470393577626,1,Drive
797,5.279537772487742,14.381946868293616,1.5276518749899837,73.91373970333325,1,19.57355207850766,0.6224045457625275,36.956869851666625,1,20.745118475176383,10.410275262523356,0.0,1,30.915066299647393,2.8385654179443582,0.0,1,30.730908497183563,0.0,0.0,1,99.83951726474947,0.0,0.0,0,34.79561322124782,3.094301161140063,60.49656900836365,1,Drive
798,12.625102618022348,36.385794477497356,4.128862201862419,59.46656800748208,1,36.90398205441989,1.563601913804277,29.73328400374104,1,38.802405266499605,25.19907916347577,0.0,1,69.3237505671021,3.10323686325087,0.0,1,86.35953152144135,0.0,0.0,0,282.1813868675063,0.0,0.0,0,55.78978635620719,3.740082455075718,61.42975928477922,1,Drive
799,7.364254236123653,20.97450277220952,1.8851516570478672,152.24016705597347,1,23.48020986884166,0.9242453073003314,76.12008352798674,1,18.98591620929909,17.999935373040344,0.0,1,39.37847585239389,3.064296320053765,0.0,1,51.19685561153804,0.0,0.0,0,148.34250214183243,0.0,0.0,0,36.22626515668524,2.895699595138991,2.1218058893551985,1,Drive
800,1.0377655504403525,5.3439973238878835,0.3269769911882137,165.40948630371975,1,8.567150008197489,0.1261599539047014,82.70474315185987,1,9.694514315370013,4.446147096541386,0.0,1,14.453876486748353,2.1601810183597214,0.0,1,7.292114204930883,0.0,0.0,1,18.82474701732634,0.0,0.0,1,19.477102742275598,3.1576007570991735,32.103703940031366,1,Carpool
801,14.67595209099881,34.84394244605069,4.401504381178661,43.02121945020248,1,42.312891034220584,1.9960608675055795,21.51060972510124,1,37.060043675328416,30.946884599548838,0.0,1,72.57798648128572,3.1958949026012946,0.0,1,76.9824732678152,0.0,0.0,0,283.9082991488092,0.0,0.0,0,72.47321809902701,4.172586028973278,69.93021612977326,1,Drive
802,4.234776326172191,11.467427295150278,1.2163997381237037,166.47846096549875,1,15.908542884686112,0.4824430321345381,83.23923048274938,1,14.360483661845892,12.399527334599725,0.0,1,24.554065623575863,2.7188333970897447,0.0,1,30.223863934752547,0.0,0.0,1,83.26254465937606,0.0,0.0,0,29.503901599697663,2.9300405765071185,43.10188472822152,1,PublicTransit
803,7.559453315174847,19.539627164252952,2.198168368702863,164.72584215910882,1,20.79016026215573,0.9395539742793668,82.36292107955441,1,23.815156819220885,16.479036340580574,0.0,1,42.428065408744224,3.119729910947741,0.0,1,41.38375625408555,0.0,0.0,0,130.53316581655406,0.0,0.0,0,35.28336980943053,3.0180710131301742,44.88236749101544,1,Drive
804,2.725107817421932,9.352536632668482,0.8665621938979446,193.9209412419645,1,12.708956045678827,0.37580917819710014,96.96047062098225,1,12.49116157198423,6.680066374546415,0.0,1,25.523983636104347,3.326073192616815,0.0,1,17.74201988635089,0.0,0.0,1,53.222135129068675,0.0,0.0,1,22.917205989798916,2.4258749788800307,49.12662860261413,1,Drive
805,3.2797442003260406,10.48327115950742,0.9277767414298098,114.05045972161845,1,12.88745114701421,0.42095773586378,57.025229860809226,1,14.597565079188817,7.507436688322056,0.0,1,24.360033759712547,2.64380785180831,0.0,1,20.229155322101946,0.0,0.0,1,57.86538866213608,0.0,0.0,0,23.51761203536974,2.4976258433333944,43.715745698431974,1,TNC
806,3.4491932424424485,9.564673203452449,0.9017346584567183,104.79452173959817,1,13.020715309996655,0.38185123103446506,52.397260869799084,1,15.107150807424377,8.281647128468595,0.0,1,25.83549337524414,2.2748662825055557,0.0,1,19.820061261371325,0.0,0.0,1,78.68772708148487,0.0,0.0,0,23.473319664643714,2.703551426147934,16.34588435435834,1,Drive
807,15.61917877816634,36.52543272913207,4.267681690994808,72.62614822397138,1,43.92767290273456,2.0380860773488947,36.31307411198569,1,45.3145803556816,32.696296966302526,0.0,1,73.6657001423712,3.5772406008072846,0.0,1,104.55496913193052,0.0,0.0,0,346.1141608935661,0.0,0.0,0,56.515239833645,4.112590978150232,42.55085843922546,1,Drive
808,1.4394437533421964,6.769424277940928,0.422842974340688,43.64955484399164,1,8.003920847067969,0.18126950953007695,21.82477742199582,1,10.628607961360064,5.151685810345075,0.0,1,17.25491998574071,2.661039129988637,0.0,1,11.740438585425197,0.0,0.0,1,32.95819204808582,0.0,0.0,1,19.445175686889108,2.760693230249241,1.437982760045321,1,Walk
809,1.6181148122828162,6.359730994450801,0.49155257936913666,151.5933129851014,1,8.798997306843518,0.16272518773879913,75.7966564925507,1,9.886808825823065,5.433686720491362,0.0,1,18.433281427037354,2.5908296021517674,0.0,1,12.626339121494237,0.0,0.0,1,33.056826106211744,0.0,0.0,1,22.64658072102711,2.699235768497953,33.706046215560086,1,ParkRide
810,13.779199788832601,33.65416614574093,3.6435580708652724,202.70100443193658,1,37.03889388611361,1.625890149876874,101.35050221596829,1,37.643306674933214,25.561793785328355,0.0,1,73.95165302820917,2.988158323963936,0.0,1,96.73083631129285,0.0,0.0,0,376.80022639570194,0.0,0.0,0,57.230001959687804,3.8653728263095055,63.83937373424229,1,Carpool
811,7.729502484661413,16.38655007280162,2.3999961461352073,61.57840023680288,1,22.220972462945046,1.0542773173878155,30.78920011840144,1,26.098016682676025,17.134113189819132,0.0,1,43.13309550888927,2.876137507082593,0.0,1,44.43439974546879,0.0,0.0,0,168.46933624510834,0.0,0.0,0,38.40273844689579,3.380881548778599,3.77420952028233,1,Drive
812,4.606772265500444,12.520444813819276,1.3107081590687713,62.8537332877854,1,15.131111105038766,0.5894545877355578,31.4268666438927,1,18.581633314011814,10.82812725694325,0.0,1,28.068980365975406,2.788152242847783,0.0,1,34.06548309314816,0.0,0.0,1,78.1438641837522,0.0,0.0,0,26.553881481181016,2.5075523425426978,54.72775952470171,1,Drive
813,1.976429465543403,7.986985120271067,0.6662867109324261,103.96791089963394,1,12.519020170296017,0.22960415820732225,51.98395544981697,1,12.04725899465347,6.039592154628062,0.0,1,19.765463325191806,2.7006399635378298,0.0,1,13.83795162507398,0.0,0.0,1,39.198613271091524,0.0,0.0,1,21.16331227587377,2.5383550954854948,59.88053938868798,1,Bike
814,3.183584997524344,10.869140460538832,0.752456788504364,162.20970741521495,1,14.839164681597863,0.40800484256587316,81.10485370760748,1,13.563646071511702,9.533290234060884,0.0,1,24.963454689873352,2.435766519138158,0.0,1,22.021953820332943,0.0,0.0,1,59.64391435494586,0.0,0.0,0,24.409673573576043,3.244058232901825,37.312320832062646,1,Bike
815,5.737976075229129,15.535866601024345,1.5259178295045486,128.18151995746044,1,17.801805408484153,0.664328512470752,64.09075997873022,1,20.484856745174984,12.215712915971988,0.0,1,31.80364473309099,2.7404831038061026,0.0,1,31.265248993777078,0.0,0.0,1,106.34148252833026,0.0,0.0,0,30.21829629725821,3.3332966525449947,41.61952150611422,1,PublicTransit
816,2.974687455214791,7.98943318308743,0.8494172933846934,195.72786342994067,1,15.430576901939641,0.3461613327534746,97.86393171497033,1,14.57892727773322,7.969624215304899,0.0,1,28.368994427434984,2.424271457849144,0.0,1,20.77156035680396,0.0,0.0,1,70.46615505308121,0.0,0.0,1,22.958964005490213,2.5660843637199027,26.112734811739937,1,Bike
817,12.953088469853386,27.45038470427696,4.023870732768581,182.9201362494381,1,38.853541758184335,1.6968028282204646,91.46006812471904,1,42.01947834084407,29.782894526187267,0.0,1,62.91899598451882,3.570227628025443,0.0,1,69.9619419132057,0.0,0.0,0,228.4754842852928,0.0,0.0,0,61.27954502549342,4.291557230315022,3.795312474972471,1,Drive
818,5.467707475513365,15.762363067384978,1.5966664650957163,103.95901465928878,1,20.620345181265165,0.7045518142494295,51.97950732964439,1,18.25093959526009,12.963736176318312,0.0,1,29.48034524968993,3.0841019130579905,0.0,1,27.926879854005435,0.0,0.0,1,108.9726600147629,0.0,0.0,0,32.20089768448581,3.379326385548912,61.84613883439731,1,Drive
819,3.7648594670833195,12.402208311719397,1.3174424280273265,43.461242264981905,1,14.24476378503656,0.5324742525140851,21.730621132490953,1,14.509104698823341,9.189217835748288,0.0,1,24.61788948761498,2.69359843366182,0.0,1,24.25532412520962,0.0,0.0,1,75.90801737777137,0.0,0.0,0,27.87555579272991,2.920766429305082,45.12476864449764,1,Drive
820,4.21675715807404,12.796865586851721,1.342361248233869,216.68504851728792,1,15.828446107933228,0.4386258356262452,108.34252425864396,1,16.766070877154757,10.807005154564846,0.0,1,29.590978970732536,2.4559221240837172,0.0,1,26.363431530049734,0.0,0.0,1,89.90179104412499,0.0,0.0,0,27.78023340407786,3.221225125387091,26.288603711474398,1,PublicTransit
821,3.1055784942569074,8.02429787370848,1.0834885675733874,219.68686696400738,1,15.629357443676847,0.38062307557333536,109.84343348200369,1,14.600431593284474,7.7639196849121355,0.0,1,24.393158733121275,2.4936781101825685,0.0,1,20.159867611463287,0.0,0.0,1,63.057678617714245,0.0,0.0,0,23.014535632639642,2.4917055401142703,58.186765551869456,1,Drive
822,3.9351055733147513,10.035524418666549,1.1376340382339398,115.41423055075151,1,16.365259115790707,0.5071613365846136,57.707115275375756,1,16.051661012276735,9.729600706919777,0.0,1,30.084607968131273,2.7720019817283497,0.0,1,26.26342825574012,0.0,0.0,1,73.87041177600072,0.0,0.0,0,33.25540356495867,3.535147045974125,52.74352107988302,1,Carpool
823,4.171877426313458,12.866652714052629,1.2496545133766863,143.7132809182608,1,14.358088151941189,0.6087341673860314,71.8566404591304,1,16.085234668854245,11.193824503503384,0.0,1,26.351762074011255,3.577659137642965,0.0,1,26.111214535826765,0.0,0.0,1,86.19537150305064,0.0,0.0,0,24.49637772576653,3.302189422476092,68.09898128391808,1,Carpool
824,7.019868806666113,19.1284012929117,2.165650422764831,73.16724857678285,1,20.29876760695547,0.8015732514962425,36.58362428839143,1,22.401906650930577,14.720442381779133,0.0,1,39.66077893436567,3.2985164271086473,0.0,1,42.64206699249491,0.0,0.0,0,129.45880977325515,0.0,0.0,0,33.65662737044793,3.2033723937369,15.749844930984171,1,PublicTransit
825,2.1552043521080693,7.667967366945714,0.6645605139397225,172.38761625730743,1,9.775685124201626,0.27452864845869485,86.19380812865371,1,12.835305232354122,7.094649222184582,0.0,1,21.593452629501932,2.5960530622890285,0.0,1,13.030354221555186,0.0,0.0,1,42.5709771571166,0.0,0.0,1,23.169363079522576,2.905520666358679,0.14554218545468123,1,Bike
826,4.885704867394049,12.854283961683647,1.5987073380093204,88.40025693524115,1,14.850167750514029,0.6399991078050986,44.20012846762057,1,18.50509488190727,11.078252944963385,0.0,1,32.480873950647556,2.8194147148418933,0.0,1,34.73038069472201,0.0,0.0,1,108.94761510650746,0.0,0.0,0,27.122013262284025,3.173258418233733,32.2757913028652,1,Carpool
827,5.334994887138124,15.581008167676387,1.576509800295249,204.43375812524735,1,17.55989003930213,0.6383049172961992,102.21687906262368,1,21.924361739847992,14.750397652689811,0.0,1,32.82661730717635,2.8518711117957873,0.0,1,32.7824026698248,0.0,0.0,1,112.45346912919263,0.0,0.0,0,32.45537243446399,2.556776040842033,36.84279288077321,1,Drive
828,10.285244633922954,27.322724536345053,3.1288845749372722,202.84117705637945,1,37.07755298397926,1.2069560018695875,101.42058852818973,1,24.993071361436012,21.31190509899505,0.0,1,58.06058268217789,3.0580925099767806,0.0,1,64.55890698743835,0.0,0.0,0,194.66968448750148,0.0,0.0,0,50.78172056093477,3.136714131347937,57.12971593161573,1,Drive
829,2.728609491753345,9.043755314185086,0.7150588844423308,67.98611035586661,1,12.726065341188706,0.3069426533171237,33.99305517793331,1,14.152572464746493,7.409671066970687,0.0,1,23.653806276123582,2.3024409756520257,0.0,1,19.659343516088214,0.0,0.0,1,48.364092843647335,0.0,0.0,1,22.863548781854973,2.621871662356434,19.715084395975843,1,Drive
830,3.6986139645063374,11.31075241391721,1.1848895214827773,116.92121022601988,1,14.288144286847945,0.4586886320528826,58.46060511300994,1,14.421463819407121,9.380697324988706,0.0,1,23.50619864142978,2.623503224083605,0.0,1,23.63467671559515,0.0,0.0,1,81.1230439532119,0.0,0.0,0,24.529154699558475,2.8457497822165156,67.65390717971964,1,PublicTransit
831,2.648108415007276,8.935421174588294,0.7149978481461773,83.47659677966044,1,13.936854051574763,0.30355643233862584,41.73829838983022,1,13.142569893462413,6.635699996676241,0.0,1,21.415227514969207,2.7424016576213908,0.0,1,20.343026302003537,0.0,0.0,1,54.33695345035634,0.0,0.0,1,20.708333134579,2.7915914318015034,45.610096726787766,1,PublicTransit
832,3.7006521817626337,10.691435958120882,1.2747546059148367,197.52660153503993,1,16.339586677637246,0.47140942658587515,98.76330076751997,1,15.162063670563526,8.876029713755816,0.0,1,23.584321376321952,2.3613136879978422,0.0,1,22.53400645711547,0.0,0.0,1,66.90113276628874,0.0,0.0,0,31.12119558844091,2.962574039122378,16.02238013557465,1,Carpool
833,22.24509362851622,48.91532509579235,6.7522121295930475,121.73549002830295,1,58.81607222796925,2.4816633169738744,60.867745014151474,1,66.9253337249762,39.77613500004399,0.0,1,107.34835379410042,3.975926412665111,0.0,1,138.5587359988269,0.0,0.0,0,492.7097127462616,0.0,0.0,0,88.91487650541805,5.494238310799315,35.88026151781427,1,PublicTransit
834,6.210923813867348,18.18091172274376,1.5763409685259755,152.6135691516523,1,21.137656887407374,0.6836631556455521,76.30678457582616,1,19.290967891300852,15.25141875038779,0.0,1,36.26222705970363,2.762245128817003,0.0,1,39.05386291154186,0.0,0.0,0,125.81555331648104,0.0,0.0,0,32.83958474577262,3.032140281437401,48.425304064256274,1,PublicTransit
835,5.068459390384802,14.388908157754516,1.4552761126469076,86.4151472969603,1,15.99988856470742,0.6146697494812118,43.20757364848015,1,17.746628337855253,11.419466784795786,0.0,1,32.504848942597455,2.9350482148617885,0.0,1,29.087829761364542,0.0,0.0,1,90.58519655460402,0.0,0.0,0,33.02554766862097,2.9001618628849894,62.137336619879065,1,Carpool
836,4.192462820214222,14.159526332393183,1.4660441701605087,47.51302186506172,1,15.408224517628561,0.4449663868952385,23.75651093253086,1,17.50547274828665,11.619653761346957,0.0,1,30.816397427735172,2.5585484516053962,0.0,1,22.430475658451655,0.0,0.0,1,90.11365759327857,0.0,0.0,0,31.354188394537704,3.1056062784722287,65.03335429692778,1,PublicTransit
837,4.5573195560070605,12.8117037335327,1.6087585236174846,165.39250805527212,1,17.861437320436448,0.6911909239026002,82.69625402763606,1,18.813312088924622,10.685259352597264,0.0,1,30.624425783237054,2.541605689870471,0.0,1,28.4585971651308,0.0,0.0,1,99.61234419897842,0.0,0.0,0,23.96304836234368,3.713972561700407,36.84172861911379,1,PublicTransit
838,11.561724659293258,28.306698112207844,2.5563129353791223,53.56420461379794,1,28.405788693873603,1.5083543365609857,26.78210230689897,1,37.71475216283902,24.749631516348135,0.0,1,50.830634609893,3.393580148701128,0.0,1,79.1402071671939,0.0,0.0,0,217.96671359238272,0.0,0.0,0,53.90265173606442,4.301821481292237,7.907976768890564,1,Carpool
839,4.820103805709671,13.007855049258547,1.5857360086266044,163.83413175940092,1,19.157628644037697,0.598963208026043,81.91706587970046,1,17.235237472465087,11.205837964595405,0.0,1,25.325484037682177,2.986931656777096,0.0,1,29.143202073876264,0.0,0.0,1,114.49368312416226,0.0,0.0,0,29.47845617661747,3.199463854337058,2.0844824217833144,1,Drive
840,5.309882696354614,14.539499093970138,1.6524350994504189,213.2488042752209,1,19.013197335982134,0.6675069882311989,106.62440213761045,1,18.721494629637085,12.33181527153925,0.0,1,37.217955614168076,2.8627499287938654,0.0,1,34.202524228341986,0.0,0.0,1,119.31077429156511,0.0,0.0,0,26.936539649092783,3.008306813446947,65.24264636304414,1,TNC
841,12.850037570568078,34.53053938117581,4.302794563813903,152.92189158146442,1,36.90085567043013,1.6859433861139235,76.46094579073221,1,29.278959098873003,25.85312608009639,0.0,1,52.92171934559614,3.347527915739618,0.0,1,78.18919945231059,0.0,0.0,0,261.8551075588254,0.0,0.0,0,60.54372532919374,4.015192400928348,53.15452779528211,1,Drive
842,5.456969895061745,13.978668557157935,1.7689751031502363,85.40442990789009,1,17.594685692148627,0.6846279066911489,42.702214953945045,1,19.782917985817658,11.63104080005317,0.0,1,35.9079596055492,3.6430411248596113,0.0,1,37.26578307988946,0.0,0.0,1,122.32396026521509,0.0,0.0,0,35.15709685241798,3.3985492432880897,36.21619228645783,1,Carpool
843,2.7697422649901555,10.10277853201755,0.744640463892939,53.64986303294769,1,13.705510554649582,0.36194877720174334,26.824931516473846,1,11.390495380780349,8.063246324633253,0.0,1,19.71497250071025,2.8193813792332136,0.0,1,22.772915937389506,0.0,0.0,1,54.707957434109254,0.0,0.0,1,26.220878362271765,3.2608283102605204,3.860836763565798,1,PublicTransit
844,3.224372645840581,9.957467997551104,1.050438591056962,109.28830118124927,1,12.12648509661906,0.4529665345355513,54.64415059062463,1,16.845001178913993,9.749678185851351,0.0,1,23.36592007885927,2.448728371898627,0.0,1,19.305142475128033,0.0,0.0,1,66.49574842379131,0.0,0.0,0,22.910893583762654,2.928124961408717,63.88509193769115,1,Carpool
845,4.648969115275991,16.82676189783257,1.3650329615958754,216.5717668010664,1,18.5343602971111,0.5807814425712645,108.2858834005332,1,17.758032114235906,9.210364278759048,0.0,1,33.86416707590563,2.936047785748795,0.0,1,34.537486418553904,0.0,0.0,1,87.5210775342941,0.0,0.0,0,28.427665364386527,3.23969998608651,25.214667227422655,1,Bike
846,17.408775334161778,36.54263798928369,5.86030939288288,107.76055112876085,1,42.91861316659598,2.0025056403365227,53.880275564380426,1,40.85377864093856,40.17480079483224,0.0,1,78.64862277970842,2.8506442495272273,0.0,1,107.12131690881534,0.0,0.0,0,352.6535030602757,0.0,0.0,0,60.34475730782347,5.271640056393661,17.88885110772589,1,ParkRide
847,2.2549495955254866,7.567913862770641,0.6493588179025724,180.74260542680415,1,10.141005060410091,0.22807720621871205,90.37130271340207,1,12.129818426156788,6.573042564204992,0.0,1,18.9974039361196,2.653054485682818,0.0,1,16.979161207019928,0.0,0.0,1,51.74368223548325,0.0,0.0,1,18.73592103051608,2.8456533897921505,22.704679878288353,1,PublicTransit
848,4.603283260998355,14.121368987319784,1.287180527915082,197.27262490986223,1,17.150403521425297,0.510000705795417,98.63631245493112,1,17.104585238639697,9.876136470506847,0.0,1,29.922503300608867,2.7564550983617466,0.0,1,26.379726217169125,0.0,0.0,1,90.84828817354004,0.0,0.0,0,26.089606595676248,3.056021705770464,6.310566049590776,1,Bike
849,4.8422314742933095,12.623856201881434,1.3044750589478349,51.88932906897366,1,17.09699853711466,0.6240450833954293,25.94466453448683,1,15.946014427603178,10.562350927436588,0.0,1,28.480519936003237,2.931844972462761,0.0,1,38.514703514662344,0.0,0.0,1,106.51278036553954,0.0,0.0,0,33.83950190189311,3.3824838168095295,47.44208580438573,1,PublicTransit
850,4.539224482373469,12.115903843280167,1.2952073051440565,129.40942703202023,1,17.23135205678215,0.47413842876370915,64.70471351601012,1,16.94631341653223,8.513181827681686,0.0,1,29.91547588706046,2.4897164819987783,0.0,1,26.97979753540829,0.0,0.0,1,105.80647169227146,0.0,0.0,0,28.875175747514113,3.0749913658617922,57.522577158509634,1,Bike
851,7.402728388988627,17.589071394805945,1.9453656531283667,214.59132747516549,1,20.034464038515768,0.9232149840644268,107.29566373758274,1,22.91403887726538,13.939633641620663,0.0,1,35.689358469916264,2.8140563406080545,0.0,1,51.34212885509285,0.0,0.0,0,147.03243708689013,0.0,0.0,0,38.17664206712161,3.0559700252492976,7.2647759631624265,1,Drive
852,14.852372628614079,36.921653633547955,4.753966806820095,74.5558608322993,1,37.64537633123892,1.7895219649548992,37.27793041614965,1,35.29379886614845,29.806463495756358,0.0,1,75.71413337475008,3.096274685442851,0.0,1,98.00268261456542,0.0,0.0,0,278.7567473971985,0.0,0.0,0,50.88832228047348,4.595216585793973,69.69968646981486,1,PublicTransit
853,12.595392232656183,29.37758890747211,3.529434469275103,126.82380271831137,1,33.40428827129672,1.505754525539555,63.411901359155685,1,31.96679165482853,23.455424927834542,0.0,1,60.04786957475138,2.742677003158617,0.0,1,75.45305111190896,0.0,0.0,0,285.32663965462217,0.0,0.0,0,55.537595032080176,4.066118048534101,5.909618569055032,1,Drive
854,18.090469812642215,39.02274384557519,5.548436035892563,49.2958301513347,1,46.69814273185891,2.079765168611723,24.64791507566735,1,49.503573343214555,44.265680934107785,0.0,1,83.29869316002167,2.877486610015105,0.0,1,114.88374073285075,0.0,0.0,0,375.7667887671544,0.0,0.0,0,78.68708961345624,3.842326771054112,20.86015808707954,1,Drive
855,7.33474774762203,15.06495271694969,2.0386897134785937,155.18545238593208,1,21.975096837911565,0.7491931170262126,77.59272619296604,1,19.524442807023966,13.869702876639998,0.0,1,36.521820899902124,3.3912801707887033,0.0,1,50.819132304715765,0.0,0.0,0,147.41638290801615,0.0,0.0,0,31.459484739330662,3.0621737053478775,62.46991057520905,1,Drive
856,2.3997933894850343,8.450131393310853,0.6303510714244134,192.55416452757947,1,10.819543482940539,0.26126509526322206,96.27708226378974,1,10.39965270987989,7.335746471119763,0.0,1,23.27208914806209,2.506112766789764,0.0,1,15.522136727895184,0.0,0.0,1,50.11740847198169,0.0,0.0,1,21.33770101796411,2.6318866535442913,32.22670785504353,1,Drive
857,30.0,61.81858732711446,8.805049045581246,166.46552069927355,1,76.5342736643625,3.699635675981677,83.23276034963678,1,72.45456475050413,62.83364359930854,0.0,1,106.96358856063827,4.20020127169931,0.0,1,188.4710521348367,0.0,0.0,0,627.7164905203969,0.0,0.0,0,113.02207910512635,5.9347745050527205,64.92610752344085,1,Drive
858,10.970135005197395,27.35437209855792,3.074381083466004,92.7986640265391,1,26.634453489593913,1.1279381707695169,46.39933201326955,1,27.600582327696277,23.64470295222597,0.0,1,57.0771477265013,3.293054984941537,0.0,1,62.28930346369539,0.0,0.0,0,192.25817555114853,0.0,0.0,0,46.00621437237592,3.550148721423035,67.02449461564137,1,Drive
859,7.1773982766627045,18.26029655106769,2.194386993432093,71.94080937548591,1,25.497734662815105,0.9089693917040281,35.970404687742956,1,23.2764847847223,17.14106660032541,0.0,1,36.49372980893036,2.6611981717337163,0.0,1,39.03743536066029,0.0,0.0,0,136.4972725083551,0.0,0.0,0,41.55151625071859,3.5383090600273777,6.792118982294691,1,Drive
860,4.321465357799738,11.744569483796399,1.1452892577583138,41.761559774973364,1,17.635192025970756,0.5185748968769506,20.880779887486682,1,17.479682448924212,9.21661814752436,0.0,1,32.93464746396553,2.884634395787788,0.0,1,26.79460945811631,0.0,0.0,1,85.82022768067397,0.0,0.0,0,28.4075543379918,3.1460032999022265,42.47574062128957,1,Drive
861,5.02024210739664,11.761911479782867,1.566587041252248,118.80498931761906,1,19.027602036920666,0.5777792398530148,59.40249465880953,1,19.780840564380377,9.927925749849466,0.0,1,36.95799069699552,2.4688245960065176,0.0,1,33.748253679710984,0.0,0.0,1,99.73579234523399,0.0,0.0,0,32.33894791323905,2.922895656334838,65.9088737672409,1,Drive
862,3.450687072868203,9.841226730781115,1.1036697343142936,71.36571524100599,1,14.75123779324063,0.3887358629108788,35.68285762050299,1,13.65587663109986,10.140020971005239,0.0,1,24.6558238144589,2.463728921957617,0.0,1,23.090240133233394,0.0,0.0,1,63.10939983620409,0.0,0.0,0,22.935250879790168,3.3561947066556086,39.59296247611256,1,Drive
863,3.248027833941671,10.1621129072789,1.1742888111725742,153.0173579675914,1,13.84312563474549,0.42068877516821834,76.5086789837957,1,13.91140419196064,9.00799303740589,0.0,1,23.352894503532614,2.370290904261579,0.0,1,20.458289550037232,0.0,0.0,1,74.43741478341583,0.0,0.0,0,19.995380659666377,2.842367200899268,24.54029603504321,1,Drive
864,5.257770639807418,14.131702271219286,1.5172946298178138,162.53780448872809,1,15.973087244858306,0.7224538630668454,81.26890224436404,1,18.50851540808908,13.527469830808085,0.0,1,41.99214302979552,3.2736582412750006,0.0,1,32.005238383702135,0.0,0.0,1,130.22083075638037,0.0,0.0,0,27.087174067564924,3.636378196111619,1.7401077745096927,1,ParkRide
865,3.639567026280376,12.06741477481173,1.1843089456267257,153.93241199578654,1,16.68984830426892,0.4927078507496217,76.96620599789327,1,13.586905903838314,11.70405784366589,0.0,1,27.89188971455773,2.8357737792986804,0.0,1,25.062295255576963,0.0,0.0,1,73.14429512374056,0.0,0.0,0,31.666308173603902,3.4268736816118803,30.435000450075826,1,Drive
866,8.4723442986278,15.645040171485777,2.23473633291815,202.72161215051622,1,21.41036986971064,1.2939895442615683,101.36080607525811,1,23.715947903982983,18.811634528319587,0.0,1,39.94053522267353,2.7242827162808445,0.0,1,58.82563106663487,0.0,0.0,0,178.57268923458076,0.0,0.0,0,37.51537016418118,3.7851908929593456,58.51644598098559,1,Drive
867,5.462452332085807,17.233671755137205,1.6178784176922332,166.38556395756694,1,17.418005000702156,0.6883665704542987,83.19278197878347,1,17.522130943190422,12.077337439182738,0.0,1,34.44429902209073,2.8844258352408807,0.0,1,39.1341491596468,0.0,0.0,1,109.6603064674924,0.0,0.0,0,29.537993960708487,3.3496601760945968,44.86499298349093,1,TNC
868,3.630025481005909,11.89169937560455,1.0208937690907476,75.03573892429301,1,10.901992193979604,0.4147224920356524,37.51786946214651,1,13.573742003774028,9.408301220373657,0.0,1,26.514583472732234,3.2608403567850055,0.0,1,25.060605138867928,0.0,0.0,1,74.97590800486093,0.0,0.0,0,28.40443645956782,3.2022728372462046,7.008149953784615,1,Bike
869,8.770552338190187,26.620438543041622,2.7441109433837685,197.4792946851309,1,23.898444064595243,1.0901415166639665,98.73964734256545,1,28.099487092867193,18.33787081407909,0.0,1,50.403197837069456,3.0189286965916464,0.0,1,59.05535380494711,0.0,0.0,0,191.7051497551625,0.0,0.0,0,45.47926837308733,4.2904699741803345,50.382227928990076,1,Drive
870,7.674294368471308,16.88966087273654,2.6142822961241055,154.54212564765317,1,25.79143719400203,0.9690622507608493,77.27106282382658,1,20.57586633786099,15.322949988783456,0.0,1,45.77777767834722,3.08000977351226,0.0,1,46.90840618658408,0.0,0.0,0,172.16443358736694,0.0,0.0,0,36.389944272647625,3.4595688781823073,25.256077448841737,1,Drive
871,2.2129751860895315,7.856928916083481,0.6020160492181511,142.4257156959451,1,12.053419381731688,0.2659266376047958,71.21285784797254,1,10.763748186333535,7.269363740691782,0.0,1,20.568718299576442,2.797862315015363,0.0,1,17.498889667212975,0.0,0.0,1,52.6359032127405,0.0,0.0,1,18.30101462264716,2.7580765466315795,1.9385956224177048,1,Drive
872,2.39525890813381,8.685906720986692,0.667443867578646,58.524799641329025,1,11.581239967544025,0.27740593601785907,29.262399820664513,1,11.845054576978098,6.484795749301469,0.0,1,19.764911097568504,2.5184214072016404,0.0,1,15.436716775819516,0.0,0.0,1,45.6797948667583,0.0,0.0,1,23.79013804586249,2.5946534409825337,7.764578136281538,1,Carpool
873,8.07160395568363,21.775091889950733,2.8797567442996326,71.66346799566604,1,23.155362666967612,1.0637500787138146,35.83173399783302,1,21.220561276951468,15.535146703919482,0.0,1,48.06900433564201,2.4858335154354854,0.0,1,43.935793893983366,0.0,0.0,0,143.72659179666982,0.0,0.0,0,41.815385762654024,3.4122546440171018,55.967676011583656,1,Drive
874,2.04177762331393,8.598586007342696,0.6480324345240587,159.40890069043428,1,10.547911913690562,0.25383937754588887,79.70445034521714,1,11.424547621936314,5.318993152656161,0.0,1,21.001114094564226,2.3989355903888243,0.0,1,15.494716762339523,0.0,0.0,1,37.90875304107248,0.0,0.0,1,22.997921322905164,3.391847616308859,69.47426191445885,1,PublicTransit
875,16.261664435557822,44.7963104409983,4.398940300994964,116.35836945549919,1,45.608341602050764,2.1677804944016397,58.17918472774959,1,41.78449714826317,33.97382489059469,0.0,1,84.98599411242155,3.4329277605751285,0.0,1,82.93760869319703,0.0,0.0,0,343.8969367022116,0.0,0.0,0,69.80185790204658,5.428599299514179,16.807737378692888,1,PublicTransit
876,15.265758958846396,34.68211993005186,5.129822357619126,173.82368229920803,1,41.81875608307173,1.6305735619449446,86.91184114960402,1,41.1149435210055,26.404828541736144,0.0,1,77.23864693339792,2.654608593405543,0.0,1,96.88814502537922,0.0,0.0,0,268.00455548636097,0.0,0.0,0,53.547881532833834,4.622958628657763,29.550915455459524,1,Carpool
877,17.680995417283665,41.02401760931951,6.222616326194566,167.2000244504419,1,49.54429978640506,1.9444360022951603,83.60001222522095,1,43.20769170051327,37.41814987131409,0.0,1,71.50643809344697,3.1515506585055078,0.0,1,115.07620948585972,0.0,0.0,0,382.7883219631075,0.0,0.0,0,69.19886916721589,4.404186621911176,22.068612733899226,1,Drive
878,5.84761310524553,16.256077935863402,2.0034130689300644,150.62691725025655,1,15.710684796034887,0.6953525785881036,75.31345862512828,1,20.47699419563378,12.3496155522674,0.0,1,33.06474899530365,2.9656535727468754,0.0,1,40.89048914835931,0.0,0.0,1,138.59870785703043,0.0,0.0,0,28.250310786594902,3.3463709418734435,28.047466821291344,1,PublicTransit
879,5.132550486206516,16.591049805380678,1.440590027158865,91.35319674309628,1,17.555261487222193,0.65132702749404,45.67659837154814,1,15.901814764750846,11.295140335896729,0.0,1,33.050536290566434,2.752903851105223,0.0,1,32.58113884796866,0.0,0.0,1,109.13112793627766,0.0,0.0,0,28.26976735487654,3.3265838365614546,64.02204561329373,1,TNC
880,6.262454835527569,12.125096466842132,1.811925582610618,173.29784870086073,1,21.91807289462071,0.8258205001738194,86.64892435043036,1,24.461110103588513,14.979033294170701,0.0,1,38.57525021160684,2.5136022507166915,0.0,1,50.05206436590349,0.0,0.0,0,113.843945739284,0.0,0.0,0,29.694822408361276,3.0414029409337235,40.90517271393603,1,Drive
881,17.634910924063536,40.17915709623819,5.902329417545805,212.616301198991,1,54.07002074876517,1.829698665103575,106.3081505994955,1,43.80442645131807,34.66507263636913,0.0,1,85.1510302410713,3.276106217668553,0.0,1,97.45508193357892,0.0,0.0,0,355.34747099073803,0.0,0.0,0,71.99718929267827,3.811465574776437,16.40752120015324,1,Drive
882,5.230079504344699,14.555525880928833,1.6910114699404657,178.28770069424056,1,18.917158155440603,0.6214100846190688,89.14385034712028,1,19.932868570289386,12.245243576591474,0.0,1,30.836765891073455,2.531074214191541,0.0,1,34.428541425020136,0.0,0.0,1,123.62958468357228,0.0,0.0,0,32.275670689539204,2.9750381485700514,29.973052070853328,1,Drive
883,6.937670382087806,18.05208343106023,2.0798276073167794,187.75209621692812,1,25.473568672704786,0.9565373356202101,93.87604810846406,1,24.192534019281695,14.202645165503768,0.0,1,43.67993645579608,3.1302003708398516,0.0,1,47.02192290894674,0.0,0.0,0,158.79221906482658,0.0,0.0,0,38.37518513294585,3.010139131044371,50.0682718823244,1,Carpool
884,1.9196129429828894,7.06915766306644,0.4878956532915811,122.93261627734731,1,11.248770118527654,0.230679835015047,61.466308138673654,1,12.587319213558864,6.822021871554202,0.0,1,18.153107960363474,2.6646998415136522,0.0,1,12.592743461890642,0.0,0.0,1,38.53524172369072,0.0,0.0,1,22.8495174516213,2.5516417409400165,68.85609189035321,1,Drive
885,7.570122382714861,18.74209439006147,2.258145037416513,201.51601232886705,1,22.140343443675516,0.9045778479295365,100.75800616443352,1,23.10326874929578,17.370110754898455,0.0,1,43.06325006122935,2.5142678852733,0.0,1,59.75767523837263,0.0,0.0,0,157.7883236589348,0.0,0.0,0,32.28391418388945,3.052141136644989,68.67769508460654,1,Carpool
886,7.054393076439786,16.533316167679928,2.760684733680483,112.84214964059468,1,20.752380784690953,1.0056934144978753,56.42107482029734,1,21.214901740528685,15.440935617011412,0.0,1,44.60541421540597,2.5943239236866646,0.0,1,46.581936639254586,0.0,0.0,0,135.81746784075403,0.0,0.0,0,42.37225068159137,3.02512607604748,20.849533189199725,1,Drive
887,6.424346636925077,17.091324474013902,2.031542873967376,212.0924711141075,1,20.00130216677644,0.8034877415163473,106.04623555705375,1,23.667741627866373,12.486782558464725,0.0,1,37.8387676668584,2.847076360140933,0.0,1,35.915886887859486,0.0,0.0,0,141.10957667888243,0.0,0.0,0,36.65603684666603,2.8590434958130886,21.65964097369554,1,ParkRide
888,18.218524977144803,36.658677198772814,5.791109401255923,59.423120529981205,1,49.48589561222067,2.5138030469352564,29.711560264990602,1,43.24676362404962,35.29004119832988,0.0,1,98.4937504366491,4.312643666554203,0.0,1,104.30403952641629,0.0,0.0,0,382.96524179589716,0.0,0.0,0,67.34784520298378,5.193889775029877,39.60318180843399,1,ParkRide
889,4.779983862379062,13.450652135633437,1.6055721041097004,118.44835388757846,1,18.569195131814528,0.5564403243437197,59.22417694378923,1,19.15091389698662,11.00398144266631,0.0,1,30.52339446343169,2.872621479422221,0.0,1,31.473833273551826,0.0,0.0,1,99.39978805425304,0.0,0.0,0,28.06738972775585,3.3204738966888545,56.905842428716454,1,Drive
890,6.587631321113537,15.011838676337907,1.8039692656940047,74.21615673650734,1,21.771076990467634,0.7741614885491933,37.10807836825367,1,19.744389900925018,15.237480815848366,0.0,1,44.4644708858665,2.516625241081523,0.0,1,36.475534441146074,0.0,0.0,0,153.86835984277107,0.0,0.0,0,25.782092949939067,3.462461040958048,49.799671992118924,1,Drive
891,11.531667295124223,27.377131540280804,4.316567301977987,125.76992681183631,1,34.182116081189506,1.368139417293621,62.88496340591816,1,30.050257579849333,27.05225936626125,0.0,1,56.906212526013796,2.8226522919913304,0.0,1,68.0479670141397,0.0,0.0,0,194.46527830983862,0.0,0.0,0,69.05486377876862,3.9577480930445654,9.60314453476357,1,Carpool
892,3.838782715012528,9.874805001562262,1.119288751661878,177.9256428543095,1,17.615778490909513,0.5615866365027591,88.96282142715475,1,15.929572787384483,9.16490341331647,0.0,1,22.66169755000205,2.6625764199676922,0.0,1,27.426662011578898,0.0,0.0,1,67.66324752980941,0.0,0.0,0,27.131366632458068,3.201587695294238,62.52193200218973,1,PublicTransit
893,6.729447333549384,15.98000698687734,2.34679474582796,104.55701385499155,1,20.47369353770083,0.7614788202824292,52.278506927495776,1,20.81567029063303,15.573034230001122,0.0,1,31.494522681430983,2.679320582227304,0.0,1,49.452702083499716,0.0,0.0,0,147.96003671740593,0.0,0.0,0,33.03937974309288,3.306660390959305,52.98964394300943,1,Drive
894,5.248306280001179,13.953482367159554,1.4806360706951507,73.11511748572994,1,18.218705235490958,0.6580443889112704,36.55755874286497,1,17.023275305175684,12.383049003250143,0.0,1,36.75097484421952,2.660760727865165,0.0,1,31.147959029856295,0.0,0.0,1,92.48150818514846,0.0,0.0,0,28.92603714675379,3.1261705370482744,47.41872573975197,1,Drive
895,13.450484825151548,28.59589957811062,3.515836966763372,87.90710858664201,1,40.58154859234305,1.5568030269949729,43.953554293321005,1,35.76350390683022,25.496534756068833,0.0,1,66.01401604670441,3.5244298986489864,0.0,1,76.4683921640602,0.0,0.0,0,316.5842888295829,0.0,0.0,0,54.35776703498035,3.807795317847949,30.956791299678777,1,Drive
896,4.553898394655412,13.336509271519303,1.4132589876490564,92.51184018868231,1,13.64973987016853,0.5515594819656204,46.25592009434116,1,16.28732129894593,11.537936628931575,0.0,1,33.714503382480025,2.6911288404783917,0.0,1,26.810352919276045,0.0,0.0,1,97.57931574168754,0.0,0.0,0,26.77448854839599,2.602540327020307,39.03629643482634,1,TNC
897,4.517139190161364,11.312808367180043,1.2576891415648999,190.07996622796986,1,15.07796239856716,0.5570147694911265,95.03998311398493,1,14.568548850768124,11.043168820801766,0.0,1,28.033499403699388,2.8772006629138818,0.0,1,34.16038506261078,0.0,0.0,1,88.42406292216768,0.0,0.0,0,25.934413653527734,2.6552628232608058,29.273475083979854,1,TNC
898,4.8537357910340555,12.922610537945017,1.408527336751421,152.0238609323053,1,16.39122316053934,0.5677189271785581,76.01193046615265,1,17.069519953465033,12.302621757206216,0.0,1,36.07082458245161,2.5902941665667796,0.0,1,27.378798874475994,0.0,0.0,1,107.03159656950778,0.0,0.0,0,29.782062429039836,2.658388984383057,26.453543350738805,1,Drive
899,6.562873775431079,15.945623565584087,2.016068578356033,122.8556738752307,1,19.328722613158707,0.7001176695103678,61.42783693761535,1,21.516967243333873,14.733672060291193,0.0,1,39.39724010020179,2.9951506562510186,0.0,1,42.80202705527378,0.0,0.0,0,129.49041095127595,0.0,0.0,0,35.22448151682989,3.066575197958019,52.90494702961733,1,Drive
900,3.9650144160933554,12.170506515520186,1.2510137631931295,99.80915223460553,1,16.778429496605895,0.4992372426044495,49.90457611730277,1,15.22370250698791,9.895436777784237,0.0,1,28.107002929734584,2.818693646636987,0.0,1,27.787085595052044,0.0,0.0,1,76.98840151883127,0.0,0.0,0,24.16879940931789,2.636891747751338,46.635548159676404,1,Drive
901,4.109306888746539,11.04346046744975,1.2020013567177137,117.70381747161801,1,15.75190300753525,0.46987758281349074,58.851908735809005,1,18.217375656330155,11.196815402678201,0.0,1,28.124623658255413,2.4118803925674897,0.0,1,26.96985186081396,0.0,0.0,1,85.26928183615087,0.0,0.0,0,21.890197564521365,3.176827994572634,23.66602465477947,1,TNC
902,7.251665762163693,17.570293087944915,2.3024773919769035,147.24647426436871,1,26.402098382480826,1.0107866643422048,73.62323713218436,1,21.47593946521714,17.35229924607273,0.0,1,45.119354846899974,2.2563789560854053,0.0,1,55.27853400458847,0.0,0.0,0,168.40295782890365,0.0,0.0,0,39.34346716713588,3.2059297273439373,34.31691242684566,1,Drive
903,2.991213859759944,10.466930935426355,0.900637234192194,192.1515795716364,1,12.120718821625038,0.32666043862360566,96.0757897858182,1,13.231562436848307,8.172106065447675,0.0,1,23.344388658893685,2.7337372576734755,0.0,1,18.423510855868955,0.0,0.0,1,50.54753955291486,0.0,0.0,1,23.563347968059222,2.563239617895279,51.41309482317891,1,ParkRide
904,4.102531831030791,13.370275747954315,1.232087771244104,183.20790503283988,1,14.803102877106237,0.45404064576161896,91.60395251641994,1,15.459491728435571,11.28106839459901,0.0,1,25.155419229625082,2.8195082468050416,0.0,1,28.90051418228199,0.0,0.0,1,82.27260821851344,0.0,0.0,0,29.16084318743218,2.9539358829318387,15.45406813208598,1,Drive
905,2.5527646671482453,7.472691825944933,0.8560586486569275,66.01796768473443,1,14.277718601481096,0.2713569869691373,33.008983842367215,1,12.208764397211366,8.028341018998367,0.0,1,24.33621243738051,2.402425712050422,0.0,1,15.543274804757573,0.0,0.0,1,45.107816005142205,0.0,0.0,1,21.505051968884956,3.31565214833483,4.585018483993112,1,Drive
906,2.1438518193203784,9.357816576051095,0.7015562898848902,168.82381824753804,1,10.154059911844627,0.2535405860656878,84.41190912376902,1,11.116470587631241,6.094235581936392,0.0,1,21.056276036955083,2.972343935143219,0.0,1,14.617783340176265,0.0,0.0,1,41.12082077950959,0.0,0.0,1,19.999345663582353,2.600281755452399,62.85404734321169,1,TNC
907,8.220648766116165,18.98648021035759,2.5315388276037227,204.66367054141526,1,28.212864599245627,1.0613658066233973,102.33183527070763,1,22.281672884603147,19.34808011627561,0.0,1,40.741876470228846,3.0003718970468345,0.0,1,54.790830366543624,0.0,0.0,0,172.869684849178,0.0,0.0,0,35.952706559791324,3.600805762665793,1.8031021987320517,1,Drive
908,6.872052192385212,18.21058908361789,1.8533765134898867,132.78420338095322,1,22.28403686750836,0.8050011506622926,66.39210169047661,1,23.764701039624708,15.66560958981436,0.0,1,45.07525446673425,2.7477319428155007,0.0,1,35.42856980937648,0.0,0.0,0,131.5990278266985,0.0,0.0,0,35.29084763080883,3.0378796841434283,31.72125989303712,1,PublicTransit
909,9.155507957045554,26.087112240957246,2.749474287438719,185.71368065785413,1,30.602675469368407,1.0580647719517533,92.85684032892706,1,26.620272950908422,19.254692944638006,0.0,1,46.55775897477999,2.685023222259476,0.0,1,60.505017147073964,0.0,0.0,0,205.87113915540203,0.0,0.0,0,44.80245827253781,3.8675306359365167,63.03294062490785,1,Carpool
910,6.491606054170635,15.165262433311492,2.016063411105191,85.4122508889265,1,23.71369340122505,0.709756184108698,42.70612544446325,1,20.919263454034375,12.903662321022987,0.0,1,42.21096141759486,2.9830012788347617,0.0,1,39.16339229708812,0.0,0.0,0,132.0034444911197,0.0,0.0,0,32.87276720297794,3.3401424864059903,30.174271090590842,1,Drive
911,4.412827033712702,12.141067866682222,1.3326864747071536,216.8207874433894,1,19.404816845298626,0.5015437881554214,108.4103937216947,1,17.214932125395112,10.454990994607407,0.0,1,32.483156968158504,2.3040607770252453,0.0,1,30.129672709747943,0.0,0.0,1,90.64491449858981,0.0,0.0,0,28.435081337594003,2.757112114624852,21.459425697101523,1,PublicTransit
912,4.6066665350769815,10.684384724458525,1.5719554924430612,200.76137875574773,1,18.42279938503891,0.5120758109156796,100.38068937787386,1,14.422257161951103,10.152275267062924,0.0,1,34.820340618861486,3.2654508427862154,0.0,1,32.31495156158652,0.0,0.0,1,86.27618112344592,0.0,0.0,0,27.815735803460942,2.7427434411034715,60.587410975577875,1,Drive
913,6.84890763821748,15.281308402442576,1.9825769460521243,216.66602125008777,1,23.305271927259433,0.9462288198197949,108.33301062504388,1,19.607543735059785,13.950967780969485,0.0,1,42.85003152035285,2.6010975715604636,0.0,1,43.46661100887388,0.0,0.0,0,136.52875901353522,0.0,0.0,0,39.996516565099824,3.659831699803719,0.35998664747327824,1,Drive
914,5.689469519555558,14.548564366066493,2.0719874408762764,129.21769748112152,1,20.414236635407715,0.7036709595519578,64.60884874056076,1,16.66926852142286,13.7529223907952,0.0,1,32.47259711695982,2.6241820719642415,0.0,1,32.81727890747231,0.0,0.0,1,130.08337788960944,0.0,0.0,0,36.47965317401581,3.50875896011964,61.637470378802426,1,Drive
915,5.6482706612741875,16.670126559205794,1.5585757709329437,137.08847050230847,1,17.574164365622845,0.7132505655074017,68.54423525115423,1,18.220240532334252,14.956170405194774,0.0,1,31.640786594532894,2.3950751211677894,0.0,1,33.24488659261904,0.0,0.0,1,87.49519896327003,0.0,0.0,0,34.57750774219832,3.4445008671299266,48.355441663199755,1,Carpool
916,9.626502413654368,26.917905042586842,2.930902063379735,165.09805080572312,1,28.296704650813876,0.9519203762562407,82.54902540286156,1,31.487468784641383,22.400581224690473,0.0,1,47.6227161887569,2.6765877440700336,0.0,1,44.800093217926076,0.0,0.0,0,205.1107344071195,0.0,0.0,0,48.822617848517545,3.764971370056479,3.326685907407372,1,PublicTransit
917,3.6163654593993373,11.205828833081364,1.0792610844935513,199.30269739012164,1,13.058841039236016,0.42661841981225235,99.65134869506082,1,15.798549641394274,8.480704472518244,0.0,1,25.698785773082932,2.443183363867714,0.0,1,29.270186399766303,0.0,0.0,1,84.43643939008449,0.0,0.0,0,26.619232840102764,3.1061562746193774,3.9489368305709793,1,PublicTransit
918,9.114821036160759,22.825953803552974,2.565070139116951,95.61809166950209,1,28.29778951206457,1.1737362788759995,47.809045834751046,1,23.79426025463475,17.79763097996967,0.0,1,47.337610784719516,3.299048145263382,0.0,1,59.54559117033843,0.0,0.0,0,207.18235666363276,0.0,0.0,0,44.69087664516293,3.5841119443586678,24.661418405787725,1,PublicTransit
919,1.4731396833747814,5.477987029643361,0.4820349773128176,200.82321716809787,1,8.0384518429799,0.17169861064161623,100.41160858404893,1,11.234871079610294,5.740456488875988,0.0,1,19.880059902968135,2.541899641207963,0.0,1,11.756313247235653,0.0,0.0,1,29.321232199524534,0.0,0.0,1,16.305306601621883,2.435046329222564,9.523445079822768,1,PublicTransit
920,12.2997086364112,28.909417797874912,3.8792572760570883,216.32859444554714,1,34.325502288085126,1.3495109951766497,108.16429722277357,1,32.682255620223195,25.36469927147171,0.0,1,60.157074066211955,3.3382215715003887,0.0,1,81.53750891144807,0.0,0.0,0,240.71687200931993,0.0,0.0,0,58.23030771636356,3.601921310653081,39.57571963134367,1,Drive
921,8.765829924978185,25.699541032435068,2.4502270859623145,125.75163989116707,1,29.283800026535044,1.0984563241392782,62.87581994558354,1,24.610784899945603,20.238425288151916,0.0,1,39.139680751106134,2.7203470434830805,0.0,1,49.283299385003524,0.0,0.0,0,170.1954736670743,0.0,0.0,0,44.33699823639037,3.8602831553770667,13.69647427722253,1,Carpool
922,3.5243974094269936,11.174934004183521,0.98087468973918,172.80769937448514,1,17.450573085756538,0.43040588235138044,86.40384968724257,1,11.802739239698278,8.855400393535856,0.0,1,32.10472970140832,2.6752873983002803,0.0,1,18.72498269240118,0.0,0.0,1,62.61076042267612,0.0,0.0,0,27.50257189644716,2.366268890898394,32.26770991803665,1,Drive
923,12.229975010333181,30.41952283401138,3.760879148621022,166.15220791188517,1,32.01959609298466,1.4546801625517818,83.07610395594259,1,32.07417412932683,30.185472335543274,0.0,1,48.08659572931601,3.3766026568457743,0.0,1,78.46528384865822,0.0,0.0,0,257.5376203303286,0.0,0.0,0,47.88711171276777,4.372464294497252,0.9564107266016597,1,PublicTransit
924,4.613016629876557,11.79104110575306,1.2031761041722109,61.03462707700801,1,16.876671252639138,0.5170198684576525,30.517313538504006,1,17.048033834498845,11.356779753628246,0.0,1,29.941983144388427,2.301864261569464,0.0,1,26.3922504094016,0.0,0.0,1,104.6385853287524,0.0,0.0,0,28.514945221982,3.069897006394555,6.855045942599873,1,ParkRide
925,3.281078226746541,8.748366391575178,0.90289132476958,79.95241400456726,1,13.693662748736626,0.3745666921339758,39.97620700228363,1,13.11774925278096,8.221012104912154,0.0,1,23.289966211573468,2.4997802656449544,0.0,1,21.792448100194175,0.0,0.0,1,75.04487461504623,0.0,0.0,0,27.19121177630255,3.3513280369891643,61.54781558097686,1,Bike
926,3.2667826041640087,9.877586271373493,0.9663204830541543,141.50241120095444,1,15.18617978869096,0.37375445158197373,70.75120560047722,1,11.630602682441252,6.470075389674509,0.0,1,27.637871571373463,2.8056951460151356,0.0,1,24.223383664648587,0.0,0.0,1,68.3512746840943,0.0,0.0,0,26.668279907056238,2.8231746482186932,11.143775878766204,1,ParkRide
927,14.629053170880862,35.5080703812356,4.177337187413216,55.77349511981218,1,37.93545399261961,1.7377422010756003,27.88674755990609,1,35.569200956620335,30.918577775276553,0.0,1,63.82045752701365,3.2508577743397686,0.0,1,84.76822776812122,0.0,0.0,0,362.2598064385329,0.0,0.0,0,69.8085348042341,4.650363333005626,19.73801650295191,1,Drive
928,6.754356109103062,17.593967376911532,1.803797116652324,166.44344643543263,1,17.98245346247168,0.718554719494955,83.22172321771632,1,16.44921443756289,16.963672968714935,0.0,1,37.54624427557941,3.2524285887647575,0.0,1,42.26047345513533,0.0,0.0,0,150.88559592507815,0.0,0.0,0,37.905141894826365,3.641257599185349,66.99446978946652,1,PublicTransit
929,2.537374351425623,10.71697525312276,0.7106484981721155,172.01183718364894,1,11.830631556518474,0.3636346934768157,86.00591859182447,1,11.320660848782847,7.739374331624808,0.0,1,21.181147947081644,2.6824251319446057,0.0,1,15.880454751592943,0.0,0.0,1,51.57606223201485,0.0,0.0,1,24.32822497003159,2.5517052078774918,52.0350806542533,1,PublicTransit
930,4.523638142637076,12.879729441303505,1.532739740351294,219.38256934239658,1,16.46468063810896,0.5555810313567274,109.69128467119829,1,18.276269622167206,11.891587743250652,0.0,1,30.40236403343673,3.2946311812084454,0.0,1,30.186455710712337,0.0,0.0,1,86.10973861965842,0.0,0.0,0,28.7713346491581,3.1803724425048885,18.67960788195538,1,PublicTransit
931,6.602736712426997,17.472156292618603,1.8271874918706164,123.83747416600959,1,19.214468487299047,0.7885758201060956,61.91873708300479,1,19.68893191751013,14.256349359131518,0.0,1,40.1842765966834,3.2295705136470394,0.0,1,37.320631455121266,0.0,0.0,0,136.77477887482627,0.0,0.0,0,32.030498375986134,3.3695528127903227,37.720612199328826,1,Carpool
932,3.324824367535919,10.046920003383955,1.0728451054352324,181.06916736376135,1,12.746296147991728,0.34532672142833676,90.53458368188068,1,13.343220524969215,8.994058477068522,0.0,1,24.9349772960777,2.613690313388705,0.0,1,18.907366824947353,0.0,0.0,1,59.56945333818407,0.0,0.0,0,26.84086703326631,3.1442039145143075,33.5335397855697,1,Drive
933,5.680476333665349,14.875391161161755,1.8390221601825947,131.26430234136643,1,18.02424720843992,0.6180140654530798,65.63215117068322,1,20.358680731112962,12.54477773627439,0.0,1,35.4814491525716,3.248606438577372,0.0,1,34.255500372887354,0.0,0.0,1,119.82518095090303,0.0,0.0,0,33.196164792597436,3.4446268160212288,65.80618651830906,1,Drive
934,4.7970788056814975,13.626919894450596,1.543927523991882,208.4178358093147,1,15.823897187925253,0.5524796030948829,104.20891790465735,1,19.201659956355073,11.23921719867375,0.0,1,36.504209253831796,2.2982800221057675,0.0,1,32.456951375465394,0.0,0.0,1,109.54392616889753,0.0,0.0,0,28.96097676607299,2.6922988701754758,5.396880265753451,1,PublicTransit
935,3.789527017451087,9.430453550014063,1.05857654022431,94.82748341937786,1,15.438848732427005,0.5270399036965119,47.41374170968893,1,14.379056348318557,8.369831192143996,0.0,1,26.0064107010478,2.840231230865885,0.0,1,20.16648114775271,0.0,0.0,1,82.38494080779148,0.0,0.0,0,26.16932608048616,3.306173448501499,46.04606827300097,1,Bike
936,8.538179081391785,21.682914729626756,2.7214010882911714,126.23578102483837,1,27.617689679113436,0.9047881106485905,63.11789051241919,1,23.2622095843827,18.424071122568133,0.0,1,48.279812691122615,3.19342910264821,0.0,1,54.275101085965225,0.0,0.0,0,138.20899948752236,0.0,0.0,0,35.73353827316506,3.3758486428995056,11.626221313249886,1,PublicTransit
937,4.576536386988042,12.212681065694738,1.5376903012326721,93.05746089417471,1,14.338433064047692,0.46421356808990466,46.528730447087355,1,17.608299983426164,11.094876159338664,0.0,1,25.18674388770447,2.698512273570883,0.0,1,28.886840650164988,0.0,0.0,1,78.527076389004,0.0,0.0,0,27.648343821135477,3.113210481926746,17.259849031005608,1,Drive
938,4.826682943589506,12.093162406911175,1.450941373966441,162.2380582282878,1,19.81973751826517,0.5964461019784308,81.1190291141439,1,18.733071099961403,12.063727155664854,0.0,1,25.925640113534943,2.941303491807735,0.0,1,33.44673130203491,0.0,0.0,1,93.08418317378357,0.0,0.0,0,32.32906346182774,2.865232891953816,4.386275466898363,1,Drive
939,4.682590236885173,12.105958712984018,1.4863251175721923,179.42400226561602,1,16.856259848881052,0.6495077605645221,89.71200113280801,1,20.241994589935267,10.364892159106173,0.0,1,27.71567501110857,2.254139693728912,0.0,1,33.385406316154786,0.0,0.0,1,86.60177173661938,0.0,0.0,0,31.360638726415264,3.3228428089103423,51.71314650271403,1,PublicTransit
940,14.258001892986936,32.92573299245236,4.145941210022827,176.2704852045192,1,42.325753681962986,1.8388874765584755,88.1352426022596,1,34.65454167403945,26.883403907591067,0.0,1,70.92864402035352,3.9954974988329313,0.0,1,90.40721589306642,0.0,0.0,0,313.2580432196477,0.0,0.0,0,60.32853297017952,4.580891870091373,30.402589981458426,1,Carpool
941,2.5442984572924496,9.793494364862866,0.6581460835365476,125.11575250773825,1,13.655806512484677,0.3104694210560266,62.557876253869125,1,12.649056505601763,6.815550250147089,0.0,1,21.157984345305817,2.7005999316086,0.0,1,17.4712794130252,0.0,0.0,1,48.996383289857306,0.0,0.0,1,27.246176551048567,2.986928177755709,9.435643348106904,1,Drive
942,7.140734851166047,17.72250544164639,2.037321421773181,155.8727568142843,1,27.294642055305093,0.8771084718822273,77.93637840714214,1,22.34680093240974,14.446588957337948,0.0,1,41.54968263284424,2.306074248666772,0.0,1,44.90923423923331,0.0,0.0,0,159.90076570907277,0.0,0.0,0,30.02466460211399,3.426003230802166,49.973054255843344,1,Drive
943,5.562743930110291,12.883478433640006,1.8827824797002166,142.6854306982798,1,16.514279147174626,0.6913392520571385,71.3427153491399,1,17.100465691879293,13.446887996909565,0.0,1,34.05032630531591,2.6866025360221686,0.0,1,30.50171311955077,0.0,0.0,1,135.0651302084969,0.0,0.0,0,29.89415667297343,3.4441226918290258,28.0370925459586,1,Drive
944,9.149050030416069,19.239784826897314,2.5413906530947146,219.19365951585075,1,26.397994537448746,1.0785982069201372,109.59682975792538,1,25.627505349140318,17.969204996012024,0.0,1,48.372971077271245,2.822172765379877,0.0,1,52.64667142641671,0.0,0.0,0,164.56375090721096,0.0,0.0,0,44.959654857753485,3.1918878047581396,31.630776084671705,1,Drive
945,3.050086467007398,8.502208981484817,0.9013007452898076,89.46526454769443,1,12.75418092278274,0.37242869721266353,44.732632273847216,1,14.031925420626479,8.28359567807577,0.0,1,22.772854917214328,2.564794372496006,0.0,1,20.259198913288767,0.0,0.0,1,62.4596528603217,0.0,0.0,0,21.332698395107162,2.4488617032313686,4.277832867394963,1,Drive
946,5.180828866198683,14.338756294813136,1.4871408634053778,142.1540361461672,1,18.0802572328848,0.6726470220206071,71.0770180730836,1,17.01834250256964,11.822365658008923,0.0,1,33.951193165510794,2.809470117819815,0.0,1,36.22682465622446,0.0,0.0,1,98.94153294959267,0.0,0.0,0,34.25182458939893,2.802948203213741,42.98948246562788,1,PublicTransit
947,11.90957406028154,34.543778328786274,3.4347452032380272,174.65346599570773,1,30.770764382388794,1.4184081141871223,87.32673299785387,1,31.956945080766143,21.30199257291339,0.0,1,57.54742929965896,2.819079341177864,0.0,1,76.35926469823725,0.0,0.0,0,256.6533993040995,0.0,0.0,0,46.85026280893808,3.5764521067265003,43.79333165385493,1,Carpool
948,4.7533760970145496,12.613110830958219,1.3007612383504983,99.26570137970207,1,17.718224752518115,0.49474161365055097,49.63285068985103,1,14.839849631833543,9.723253125317893,0.0,1,36.26931635996257,2.578728217922636,0.0,1,26.795825861858226,0.0,0.0,1,94.51122731272739,0.0,0.0,0,29.69695195744426,3.22863227781282,27.2963296832882,1,TNC
949,2.285129656187615,8.84500104588329,0.8408050668661285,209.20762365726048,1,13.062965380704666,0.21085235178881478,104.60381182863024,1,11.332865858326926,7.352819705558923,0.0,1,20.68114735517316,2.2897893333358588,0.0,1,14.617046054010554,0.0,0.0,1,40.90286230928772,0.0,0.0,1,20.90350302782925,2.2645139121799707,52.05363547930592,1,Bike
950,9.308259928939666,24.783180112046455,2.994583978950456,175.20718477840762,1,22.928941650849012,1.398955677693622,87.60359238920381,1,30.088503742995414,18.850843572138647,0.0,1,44.25796137747019,3.126605131669476,0.0,1,63.09742389953544,0.0,0.0,0,137.60954925681727,0.0,0.0,0,47.43515836684079,4.119632585909854,44.78907858050734,1,Drive
951,5.832568112047744,15.237232417250217,1.7153488780735104,74.26545162789796,1,21.578635426678584,0.6629773857852801,37.13272581394898,1,19.13662677547441,14.66278859265167,0.0,1,30.054599149113802,2.570137051244945,0.0,1,33.1856442933937,0.0,0.0,1,122.75537642787076,0.0,0.0,0,30.58148291126378,3.7849757140420976,38.66897153837597,1,PublicTransit
952,7.192944951923146,19.6089490005992,2.469953509001933,45.68800239610837,1,18.35685179809475,0.9082002737071707,22.844001198054183,1,25.549648614850433,14.953585690260219,0.0,1,40.16047392251621,3.2566769000644658,0.0,1,36.078561748436975,0.0,0.0,0,149.9741870143442,0.0,0.0,0,34.21411475296272,3.1646017630880814,6.819146727538917,1,Drive
953,3.696973653659963,11.42923609844993,1.3757662170336868,213.07923336020903,1,15.225231878706397,0.44333590864441125,106.53961668010452,1,13.740585616666486,10.627823847758851,0.0,1,29.649002280308583,2.9846070230285746,0.0,1,27.124979742631872,0.0,0.0,1,76.62047239656086,0.0,0.0,0,25.26979106314845,2.5815732323926106,29.660495732409625,1,Drive
954,3.876886146742996,10.066790996653959,0.9777810418315486,48.85698564104642,1,13.714193072540228,0.4622640652614603,24.42849282052321,1,14.48048721224699,9.903788650156613,0.0,1,23.90858818034912,2.7018030615549637,0.0,1,29.11496615873496,0.0,0.0,1,80.98439278416885,0.0,0.0,0,22.34471382070924,3.2424810150288144,2.060099216836214,1,Bike
955,5.20119316433861,14.190974918186386,1.5458687030534455,173.13683212714906,1,18.49350794912869,0.6595195561920716,86.56841606357453,1,19.079327097584905,17.02286234143885,0.0,1,31.154321010089753,2.108684874161755,0.0,1,29.473507754083855,0.0,0.0,1,107.99688082412622,0.0,0.0,0,34.68005647546045,3.1162271808966313,2.413112868613424,1,PublicTransit
956,7.46468294459816,17.756849369967323,2.2688199632846278,134.39626196405774,1,23.082607020057583,0.957947025196513,67.19813098202887,1,21.374021570276298,15.318414184640805,0.0,1,40.38976138473467,3.6187574594148035,0.0,1,50.56192348950248,0.0,0.0,0,136.14417286988424,0.0,0.0,0,33.78122281521116,3.5889656908776812,50.82419845013219,1,PublicTransit
957,4.890040814400092,11.800778044992681,1.235851172663955,96.48288846617801,1,17.24701139901193,0.6703945350665305,48.241444233089005,1,15.906314287725586,12.320591474993728,0.0,1,36.03358657821493,2.4823037943293387,0.0,1,40.35163108297161,0.0,0.0,1,94.95139121195265,0.0,0.0,0,32.14042038221095,2.6220933666529054,39.94726594789596,1,Drive
958,4.173292523041583,10.649805622983964,1.5203887094535105,93.53714420314785,1,14.790550752166542,0.438868099656422,46.76857210157392,1,15.816640521780812,9.578695948575303,0.0,1,27.075919553253705,2.4962475838257863,0.0,1,26.02965555853451,0.0,0.0,1,80.50253193463011,0.0,0.0,0,32.142320137580356,2.865782372681279,27.263834263328484,1,PublicTransit
959,3.3637708352731734,10.760388098667867,0.9614004230609359,198.84562137934753,1,10.794967403273779,0.38122987280278153,99.42281068967377,1,13.111424605498584,8.482142997459174,0.0,1,25.366792693780543,2.7367245543933945,0.0,1,19.11284662899956,0.0,0.0,1,71.68917258058383,0.0,0.0,0,26.643680346653554,2.4113030362755334,25.68088864071957,1,Carpool
960,4.100016017537058,10.512249236426822,1.1892865540382076,71.51883077272865,1,14.459455254314504,0.4883502852802478,35.759415386364324,1,14.24851358349048,10.254529606602475,0.0,1,24.43975548992173,2.8475413604918103,0.0,1,30.68933725897303,0.0,0.0,1,82.17181634057091,0.0,0.0,0,29.17172058906361,2.6486538946908795,39.44019850529159,1,Drive
961,5.729269804045002,13.758705374783965,1.842489834969732,141.70339629543452,1,20.10561696514796,0.8042398192197043,70.85169814771726,1,20.791897586905158,11.945718575417526,0.0,1,35.86043044114792,2.6981064441157945,0.0,1,34.261133113288544,0.0,0.0,1,111.36540830035172,0.0,0.0,0,32.21811246630648,3.3903225932038477,28.494526152274513,1,TNC
962,6.871780076785051,20.593281859631006,1.93668647044313,206.18680059397954,1,20.914339240279993,0.8125978238971066,103.09340029698977,1,21.658959471833935,14.114785770496365,0.0,1,46.15855236915984,2.272947677662718,0.0,1,44.697423618995934,0.0,0.0,0,150.0356461114623,0.0,0.0,0,33.52866404584743,2.8659971300699634,24.12760323092997,1,Drive
963,5.481198873860768,14.273557806724169,1.3797589052479509,209.23601250712795,1,18.828308135257,0.5833812387479241,104.61800625356398,1,16.72193871583404,12.026456321258232,0.0,1,28.24231817276532,2.356283491642387,0.0,1,38.248449154061746,0.0,0.0,1,119.52381460542092,0.0,0.0,0,33.652094125603405,3.020438159035971,50.77272022224857,1,Drive
964,2.2388011686844056,7.708339047601709,0.7407662164870815,98.30392272452804,1,11.464989647395754,0.26548000011911804,49.15196136226402,1,14.069667491948579,6.290931123991446,0.0,1,20.411721155701034,2.4706104158557434,0.0,1,14.349792719223004,0.0,0.0,1,43.72739053009069,0.0,0.0,1,19.631932255283452,2.6029780099769537,10.098832764065161,1,Drive
965,5.0549056744340195,14.86886451143945,1.6029080117689598,185.9952100201986,1,16.4144303784778,0.6255198677611494,92.9976050100993,1,16.209012272347774,11.538636563273796,0.0,1,29.294740995449533,2.708217147309749,0.0,1,33.65994260122522,0.0,0.0,1,97.709764692122,0.0,0.0,0,28.3420041815195,3.106858962656344,49.835140245224174,1,Drive
966,1.3603126128131624,6.9276982328627,0.40046716158968554,96.2214603769189,1,10.767779714781673,0.1842877284608695,48.11073018845945,1,8.948016888260517,4.639593804162726,0.0,1,18.479690957412313,3.0443531220532503,0.0,1,9.732265813156099,0.0,0.0,1,30.487419002965773,0.0,0.0,1,20.728499840453516,3.006566879916555,6.775913061131449,1,Drive
967,4.568933896380312,16.370401479534106,1.250823513449471,64.86151090078076,1,15.437422710877806,0.6273485536747216,32.43075545039038,1,18.830728445439473,10.605846586920022,0.0,1,26.410834383237205,2.7159956122969717,0.0,1,29.53931675246835,0.0,0.0,1,72.41469027022293,0.0,0.0,0,30.177423096550303,3.0356101321759197,15.15940997756698,1,Drive
968,2.567940886045165,8.338938807932285,0.7300564320934723,52.640679375937225,1,14.4455335299378,0.27337562597388115,26.320339687968612,1,10.668795115228583,7.542363993860288,0.0,1,23.18449628353859,2.8755302500392403,0.0,1,17.712542942150563,0.0,0.0,1,57.376588535357236,0.0,0.0,1,24.814316722090606,2.717690066924871,61.65465285009526,1,Drive
969,2.132273790185473,7.768757787933726,0.6204867992503001,58.044974960262266,1,9.870870118555208,0.26456414700291975,29.022487480131133,1,13.297483435604637,6.664614418825076,0.0,1,19.456153137130844,2.3695587437277266,0.0,1,16.96189589040845,0.0,0.0,1,46.12994567338593,0.0,0.0,1,21.24294303179338,2.951582678124703,61.778240904577665,1,Carpool
970,10.598298913247637,28.249279425348398,3.2109096326196203,79.81143664164948,1,37.04822803927358,1.273315247523917,39.90571832082474,1,31.05671280100003,22.87947092548414,0.0,1,50.5626349927914,2.944848919244546,0.0,1,65.05799768275463,0.0,0.0,0,211.9632327589167,0.0,0.0,0,40.79937466372466,3.907245335035716,64.90041924754081,1,PublicTransit
971,5.816243663516529,14.573095518803731,1.8992491366776711,48.96327137752716,1,20.86369116826494,0.6364839965370098,24.48163568876358,1,16.355010368141677,12.6903141086813,0.0,1,42.53355359865835,2.8447258122995045,0.0,1,39.09862744060329,0.0,0.0,1,121.9562653410226,0.0,0.0,0,29.728203405378068,3.7827203634283295,45.01699292682373,1,Drive
972,11.484230777716398,27.148617504253348,3.389143900924993,154.42545277450012,1,32.65766445845965,1.4705571578394234,77.21272638725006,1,32.21814337528575,25.689078368240803,0.0,1,51.79667011966908,3.3730232505802467,0.0,1,75.7244316690033,0.0,0.0,0,200.5652698795388,0.0,0.0,0,44.35545334487835,3.0891745155604666,61.430619769481645,1,ParkRide
973,3.5718530930293397,10.99104596111859,1.0375396927786191,165.2684913121679,1,13.507655188220488,0.41687804841309717,82.63424565608395,1,13.370764651554039,8.377751904318869,0.0,1,25.278685344324938,2.4049927252455205,0.0,1,21.962004743402993,0.0,0.0,1,79.27951355752896,0.0,0.0,0,24.197643385885204,3.0381455843555423,55.198115012205875,1,Drive
974,2.0067109484175347,7.907056355708586,0.5796219667934442,162.1949500188681,1,8.215148329100245,0.23588566222705445,81.09747500943405,1,12.218591838439881,6.289971276058551,0.0,1,17.470000665586497,3.1988383619015877,0.0,1,14.437625407029953,0.0,0.0,1,49.42186482777564,0.0,0.0,1,21.394081397160196,2.6478031182376327,10.302305195291115,1,Carpool
975,5.358079508519444,14.582950531285231,1.6275599174931568,179.27753818832633,1,18.55770824782648,0.6511452217933874,89.63876909416317,1,18.23258256857743,12.918652811035656,0.0,1,30.656406550225668,2.968856999498191,0.0,1,29.122393385610177,0.0,0.0,1,110.27706368104609,0.0,0.0,0,31.702989380461478,3.1309001694325875,26.15251236100001,1,PublicTransit
976,5.173430103729161,12.218496920304048,1.5603695990953759,82.98183798878568,1,18.447948675927254,0.6879469404278189,41.49091899439284,1,19.484408918472887,14.42006842761384,0.0,1,36.1140242691266,3.4466853695761226,0.0,1,31.326581866390516,0.0,0.0,1,108.0269706067972,0.0,0.0,0,27.336789534463684,2.9418431114436787,20.513488203816802,1,ParkRide
977,16.01262224508707,40.96699239733961,4.835345746700892,206.98012282790597,1,44.02650593631902,2.1778538021441287,103.49006141395299,1,41.39538863540227,28.06322237061397,0.0,1,87.17385565261583,3.362036391396816,0.0,1,102.24277841224439,0.0,0.0,0,293.9830887493163,0.0,0.0,0,61.56072201684314,4.427815603770256,69.1676188196612,1,Drive
978,8.638229192809305,20.110877489269093,2.518798870142611,82.23952376257537,1,27.483879064084427,1.008132329230296,41.11976188128769,1,28.052375826120397,19.092083214612362,0.0,1,49.8608888039307,3.234830633734403,0.0,1,49.25109117035875,0.0,0.0,0,156.57664868797593,0.0,0.0,0,38.61509031790397,3.354038380936366,45.740174168351935,1,PublicTransit
979,2.968084193516883,9.08698954430879,0.8207450764404962,107.76416623245049,1,15.136713018386514,0.3374903753484516,53.882083116225246,1,13.629562413161304,7.918973371854947,0.0,1,23.44334444821548,2.4021534578301247,0.0,1,18.104120996247318,0.0,0.0,1,70.1679182933602,0.0,0.0,1,23.117435254345978,2.3322090997387463,18.009010790920037,1,PublicTransit
980,7.672892094456635,20.041399290947208,2.3919986819554038,117.3716739285937,1,27.10309173544632,0.8505567468161118,58.68583696429685,1,22.769037877896142,16.82015757691924,0.0,1,47.56430684174161,3.292401857956407,0.0,1,51.082291755541895,0.0,0.0,0,147.83156614028323,0.0,0.0,0,38.06558978155744,4.08125631545462,68.63642002934276,1,Drive
981,10.940357198689082,29.340390544797046,3.5024318523686224,129.2321165856482,1,28.744554272651936,1.3652228609850607,64.6160582928241,1,32.841464676333445,25.338420351115882,0.0,1,57.59193495182523,3.051737780743166,0.0,1,67.85359286223161,0.0,0.0,0,213.2039400283049,0.0,0.0,0,43.11692228824005,2.8918402288690217,9.039670549013383,1,Carpool
982,2.446393675877002,9.681376199131574,0.7239360317515519,65.77888556205679,1,10.560879858072338,0.31359591033064366,32.88944278102839,1,13.990373353123076,6.693195510165677,0.0,1,23.475013065786193,2.409732954420559,0.0,1,14.642295085666856,0.0,0.0,1,42.52799125679372,0.0,0.0,1,26.47810893558731,2.4652524383663543,23.559340110758768,1,Drive
983,13.766362893891998,33.3456668903957,4.171709618153594,158.70342868064026,1,42.78974430804661,1.5277974371300265,79.35171434032013,1,40.4172449001224,27.469391106230745,0.0,1,63.24294537080968,2.735827799751274,0.0,1,79.44284976245427,0.0,0.0,0,279.1944927243238,0.0,0.0,0,50.58258119113638,4.7428220895555695,66.26358608727978,1,Carpool
984,16.623132014292338,35.38742505342133,4.998126406497679,157.1037564936501,1,44.41563677908874,2.1817889114976197,78.55187824682505,1,46.099028089064525,32.01290450509599,0.0,1,76.21755700510131,3.717310033650681,0.0,1,104.17813633506103,0.0,0.0,0,307.39655703795387,0.0,0.0,0,65.46611339048022,4.4936167961544715,24.35428909498394,1,Drive
985,5.854606498020495,19.217583003879977,1.6132856933857576,137.5667998112432,1,15.128160274036185,0.8023490258546262,68.7833999056216,1,19.997920994394974,11.537354124358181,0.0,1,30.122555838652953,2.7809576667467852,0.0,1,32.54299048522889,0.0,0.0,1,128.65018497854334,0.0,0.0,0,30.169851199089074,3.2343957005894586,23.987061812844154,1,Drive
986,2.2014359541267403,7.859587584545949,0.5508131990067919,185.1710286351064,1,10.930021688210001,0.22940256751513016,92.5855143175532,1,11.884092959542564,7.753478111215283,0.0,1,21.594481312584985,2.6870824880651765,0.0,1,14.167380598152993,0.0,0.0,1,46.8904682163894,0.0,0.0,1,21.281651741747382,2.60993296095856,29.225485135416548,1,Carpool
987,1.4475757846533286,6.765532379694663,0.4198079365036632,180.40324302433322,1,9.43740144331613,0.14790603961364257,90.20162151216661,1,9.33899522475301,4.8643868109645245,0.0,1,15.113669217862608,2.211428716723032,0.0,1,10.352909371575088,0.0,0.0,1,30.50058436098347,0.0,0.0,1,18.1038694837559,2.3428137953155534,12.834839113665113,1,Bike
988,5.8296624967368595,18.46931808506569,1.6834422956183768,75.19304143500783,1,20.837352809822207,0.6634287261241626,37.596520717503914,1,20.25990031503979,14.60575453046885,0.0,1,36.61644627770838,2.7178840801369435,0.0,1,41.13871124436716,0.0,0.0,1,114.0140687738338,0.0,0.0,0,24.647886705314612,2.6305655464935667,10.34618716427239,1,PublicTransit
989,2.072600673694208,6.705956940766295,0.6096104579511676,185.05349877463044,1,8.938064769857965,0.2309743161740144,92.52674938731522,1,12.531419132500664,6.939262316332459,0.0,1,21.92305407271809,2.6808497765808386,0.0,1,14.766690020542049,0.0,0.0,1,40.0639370382756,0.0,0.0,1,20.28256726352831,2.638362989166906,45.734764276014985,1,Bike
990,6.394334507942816,15.786307789120361,1.7012489651727274,84.48570377958343,1,21.18843139585798,0.7710190345675734,42.242851889791716,1,20.71541237095618,16.73077131340606,0.0,1,37.469725747562656,2.3676837644202475,0.0,1,40.248642614135385,0.0,0.0,0,126.493692489447,0.0,0.0,0,36.221900071141185,3.5165526108144833,58.081199509710316,1,Carpool
991,4.524779225836853,11.677374123974408,1.459742559673867,154.79059550665494,1,18.38139252691844,0.5375882239306412,77.39529775332747,1,19.34955769593503,11.514194090454476,0.0,1,27.586573268247086,2.6211977777346376,0.0,1,31.711798465864547,0.0,0.0,1,91.20403107324945,0.0,0.0,0,26.70196475593843,2.9895902678985857,45.72470153537398,1,Carpool
992,4.503752268484734,13.118804878187907,1.4378569939923858,140.25920069417302,1,16.989222973725525,0.5053820430009826,70.12960034708651,1,13.510254606010786,11.131528085739332,0.0,1,25.47344814544767,2.4408115120128797,0.0,1,31.752046925576323,0.0,0.0,1,85.04053855762086,0.0,0.0,0,28.489979068165702,3.251643791146549,12.829930600231744,1,Drive
993,10.557853936912815,28.05976331402974,3.192276310586108,206.58985451043168,1,28.757258137965227,1.3354072091017777,103.29492725521584,1,30.015750406821823,24.833957155565347,0.0,1,56.1827108334451,3.5478549475376284,0.0,1,70.94254864811244,0.0,0.0,0,266.46397647595217,0.0,0.0,0,46.94799350345676,4.6262127859917355,22.78791827742736,1,PublicTransit
994,3.0249509748395433,8.70834987820739,0.9636932256034874,118.04657599109728,1,11.938996129054143,0.4034835533775371,59.02328799554864,1,16.35032201345271,8.417112345500916,0.0,1,19.44821078404241,3.0910848628971426,0.0,1,19.08449219947557,0.0,0.0,1,54.75369538826599,0.0,0.0,0,23.966985366421206,2.844979207177453,31.832292651636163,1,Drive
995,6.465113876248547,18.101263667264963,1.8424998232134724,41.99977989280222,1,18.654997742832887,0.7908719192119514,20.99988994640111,1,22.019657567016203,16.577850900301343,0.0,1,32.1943471052683,2.8317766807516223,0.0,1,33.76477718325338,0.0,0.0,0,142.32630417894487,0.0,0.0,0,35.558983281841435,3.2549963473005605,60.27773232432969,1,Drive
996,9.189562048650577,20.75304820594286,2.7360486119709537,64.49268238811108,1,30.6982986207842,1.1993960167217772,32.24634119405554,1,33.58417404154143,25.192612876385343,0.0,1,50.064388569853065,2.724950567278339,0.0,1,58.367380730110014,0.0,0.0,0,181.9887472720807,0.0,0.0,0,39.333998697775826,3.5001042496364403,18.57492622584386,1,Drive
997,3.3783715426726832,11.060579442282355,0.9497516750186987,91.78796537651633,1,12.82710416640675,0.4423068080835049,45.89398268825816,1,13.84288446424124,9.21388220427198,0.0,1,24.29378999640736,2.5021487404899667,0.0,1,21.279043358068186,0.0,0.0,1,69.43465818466166,0.0,0.0,0,24.177671625442265,3.147988693117178,25.483405179695968,1,PublicTransit
998,2.5396837992470225,7.977610279912863,0.7319738764762238,188.9531905173902,1,14.15554451071427,0.3587489484242993,94.4765952586951,1,12.426583515903456,7.319819842531277,0.0,1,21.564763823672916,2.567955693995374,0.0,1,15.343141533029275,0.0,0.0,1,63.62880184643835,0.0,0.0,1,20.916983139853695,2.8720857412608427,16.212635239195954,1,Drive
999,1.7874002751254827,7.555756311921147,0.49437388577336405,181.20676569567968,1,11.176087850421752,0.20009479767286859,90.60338284783984,1,12.539847613649638,6.066516350252032,0.0,1,18.727347789335656,2.7292833323550303,0.0,1,11.724141189546097,0.0,0.0,1,36.763220498973304,0.0,0.0,1,20.720379251880356,2.565680960712595,66.6330969794823,1,Walk
1000,1.9886123367360078,6.551001102320811,0.6086259618111505,187.15135174097244,1,10.170047930921804,0.24576627732405093,93.57567587048622,1,12.457161140582762,4.889147026932156,0.0,1,20.671735979469933,2.4101650721073424,0.0,1,14.294127711003433,0.0,0.0,1,39.393814097983935,0.0,0.0,1,18.059341303522967,3.125207822544962,60.78855108680217,1,Walk
